Country,Year,City,Gold,Silver,Bronze,Weighted Count, Population ,"Total medals per 100,000 pop","Weighted count per 100,000 pop","Gold per 100,000 pop",GDP per capita,GDP
Greece,1896,Athens,10,17,19,83,4764000,0.9655751,1.7422334,0.2099076,1924.48,9168237325
Denmark,1896,Athens,1,2,3,10,2428000,0.247117,0.4118616,0.0411862,3420.8,8305691579
Switzerland,1896,Athens,1,2,0,7,3151000,0.0952079,0.2221517,0.031736,5410.17,17047442790
Austria,1896,Athens,2,1,2,10,5739000,0.0871232,0.1742464,0.0348493,4053.25,23261610078
Australia,1896,Athens,2,0,0,6,3523000,0.0567698,0.1703094,0.0567698,4987.33,17570353504
United States,1896,Athens,11,7,2,49,71161000,0.0281053,0.0688579,0.0154579,5410.17,384993042320
France,1896,Athens,5,4,2,25,40192000,0.0273686,0.0622014,0.0124403,3791.6,152391859496
Germany,1896,Athens,6,5,2,30,51111000,0.0254348,0.0586958,0.0117392,4299.15,219733880241
Britain,1896,Athens,2,3,2,14,36367212,0.0192481,0.0384962,0.0054995,5979.45,217455797393
Switzerland,1900,Paris,6,2,1,23,3341000,0.2693804,0.6884166,0.179587,5864.6,19593626082
France,1900,Paris,26,41,34,194,40640000,0.2485236,0.4773622,0.0639764,4120.2,167444795110
Belgium,1900,Paris,5,5,5,30,6801000,0.2205558,0.4411116,0.0735186,4456.85,30311060537
Denmark,1900,Paris,1,3,2,11,2594000,0.231303,0.4240555,0.0385505,3658.24,9489467268
Norway,1900,Paris,0,2,3,7,2255000,0.2217295,0.3104213,0.0,2668.08,6016525961
Australia,1900,Paris,2,0,3,9,3795000,0.1317523,0.2371542,0.0527009,5431.85,20613862653
Britain,1900,Paris,15,6,9,66,38373808,0.0781783,0.1719923,0.0390892,6321.8,242591461407
Austria,1900,Paris,0,3,3,9,6035000,0.09942,0.1491301,0.0,4362.27,26326313983
United States,1900,Paris,19,14,14,99,77888000,0.0603431,0.1271056,0.024394,6624.3,515953845173
Netherlands,1900,Paris,0,1,3,5,5221000,0.0766137,0.0957671,0.0,3713.31,19387183357
Canada,1900,Paris,1,0,1,4,5536000,0.0361272,0.0722543,0.0180636,4224.78,23388369515
Germany,1900,Paris,4,2,2,18,55214000,0.0144891,0.0326004,0.0072445,4683.8,258611144941
Italy,1900,Paris,2,2,0,10,33877000,0.0118074,0.0295186,0.0059037,2127.22,72063670596
Sweden,1900,Paris,0,0,1,1,5136472,0.0194686,0.0194686,0.0,2897.43,14882576782
Spain,1900,Paris,1,0,0,3,18659000,0.0053593,0.016078,0.0053593,2676.85,49947362066
Mexico,1900,Paris,0,0,1,1,13755000,0.0072701,0.0072701,0.0,1709.31,23511589961
United States,1904,St. Louis,78,82,79,477,82485000,0.2897497,0.578287,0.0945626,7494.66,618197131905
Canada,1904,St. Louis,4,1,1,15,5994000,0.1001001,0.2502503,0.0667334,4759.25,28526915599
Switzerland,1904,St. Louis,1,0,1,4,3472000,0.0576037,0.1152074,0.0288018,5827.02,20231406929
Greece,1904,St. Louis,1,0,1,4,5102000,0.0392003,0.0784006,0.0196002,2138.08,10908469058
Germany,1904,St. Louis,4,4,5,25,57806000,0.022489,0.0432481,0.0069197,4838.51,279695159426
Austria,1904,St. Louis,0,0,1,1,6228000,0.0160565,0.0160565,0.0,4513.37,28109286285
Britain,1904,St. Louis,1,1,0,5,39474558,0.0050666,0.0126664,0.0025333,6231.91,246001762606
Sweden,1908,London,8,6,11,47,5402275,0.462768,0.8700038,0.1480858,3423.38,18494056947
Britain,1908,London,56,51,38,308,41003923,0.3536247,0.7511476,0.1365723,6261.81,256758807117
Norway,1908,London,2,3,3,15,2346000,0.341006,0.6393862,0.0852515,3014.14,7071164120
Canada,1908,London,3,3,10,25,6813000,0.2348451,0.3669455,0.0440335,5183.71,35316625529
Finland,1908,London,1,1,3,8,2861000,0.1747641,0.2796225,0.0349528,2513.65,7191561654
Denmark,1908,London,0,2,3,7,2809000,0.1779993,0.249199,0.0,4353.49,12228942024
Australasia,1908,London,1,2,2,9,4197000,0.1191327,0.2144389,0.0238265,6351.85,26658700738
Belgium,1908,London,1,5,2,15,7411000,0.1079476,0.2024018,0.0134935,4700.77,34837408370
United States,1908,London,23,12,12,105,89055000,0.0527764,0.1179047,0.0258267,7339.85,653650518741
Greece,1908,London,0,3,0,6,5246000,0.0571864,0.1143729,0.0,2248.67,11796544812
France,1908,London,5,5,9,34,41046000,0.0462895,0.0828339,0.0121815,4497.65,184610681794
Germany,1908,London,3,5,6,25,61187000,0.0228807,0.0408584,0.004903,5106.79,312469026309
Netherlands,1908,London,0,0,2,2,5786000,0.0345662,0.0345662,0.0,3838.51,22209613391
Italy,1908,London,2,2,0,10,35899000,0.0111424,0.0278559,0.0055712,2592.68,93074601808
Austria,1908,London,0,0,1,1,6485000,0.0154202,0.0154202,0.0,5113.09,33158415407
Sweden,1912,Stockholm,24,24,17,137,5573033,1.1663308,2.4582664,0.4306452,3838.09,21389806836
Finland,1912,Stockholm,9,8,9,52,2998000,0.8672448,1.7344897,0.3002001,2779.55,8333079377
Norway,1912,Stockholm,4,1,4,18,2423000,0.3714404,0.7428807,0.1650846,3410.16,8262826401
Denmark,1912,Stockholm,1,6,5,20,2951000,0.4066418,0.6777364,0.0338868,4697.1,13861156476
Australasia,1912,Stockholm,2,2,3,13,4661000,0.1501824,0.2789101,0.0429092,6900.48,32163139784
Canada,1912,Stockholm,3,2,3,16,7602000,0.1052355,0.2104709,0.0394633,6352.01,48288011663
Hungary,1912,Stockholm,3,2,3,16,7840000,0.1020408,0.2040816,0.0382653,3998.03,31344583926
Britain,1912,Stockholm,10,15,16,76,42318019,0.0968854,0.1795925,0.0236306,6701.7,283602792665
Belgium,1912,Stockholm,2,1,3,11,7590000,0.0790514,0.1449275,0.0263505,5029.69,38175373823
United States,1912,Stockholm,25,19,19,132,95703000,0.0658287,0.1379267,0.0261225,8317.33,795993295469
Austria,1912,Stockholm,0,2,2,6,6724000,0.0594884,0.0892326,0.0,5422.19,36458820218
France,1912,Stockholm,7,4,3,32,41359000,0.0338499,0.0773713,0.016925,5269.95,217959841813
Germany,1912,Stockholm,5,13,7,48,64457000,0.0387855,0.0744683,0.0077571,5529.51,356415802358
Greece,1912,Stockholm,1,0,1,4,5390000,0.0371058,0.0742115,0.0185529,2364.99,12747308210
Netherlands,1912,Stockholm,0,0,3,3,6068000,0.0494397,0.0494397,0.0,4263.1,25868502509
Italy,1912,Stockholm,3,1,2,13,37150000,0.0161507,0.0349933,0.0080754,2762.33,102620734668
Norway,1920,Antwerp,13,9,9,66,2635000,1.1764706,2.5047438,0.4933586,4045.31,10659381682
Finland,1920,Antwerp,15,10,9,74,3133000,1.0852218,2.3619534,0.4787743,2536.46,7946719532
Sweden,1920,Antwerp,19,18,24,117,5851973,1.0423835,1.9993257,0.3246768,4216.61,24675464919
Belgium,1920,Antwerp,14,11,11,75,7552000,0.4766949,0.9931144,0.1853814,4906.66,37055117493
Denmark,1920,Antwerp,3,9,1,28,3242000,0.400987,0.8636644,0.0925355,4970.96,16115853113
Switzerland,1920,Antwerp,2,2,7,17,3877000,0.2837245,0.4384834,0.0515863,6600.64,25590671337
Netherlands,1920,Antwerp,4,2,5,21,6848000,0.1606308,0.3066589,0.0584112,4230.58,28971014824
Canada,1920,Antwerp,3,3,3,18,8798000,0.102296,0.204592,0.0340987,5603.71,49301401204
Britain,1920,Antwerp,15,15,13,88,43718000,0.0983577,0.2012901,0.0343108,6400.75,279828098458
France,1920,Antwerp,9,19,13,78,39000000,0.1051282,0.2,0.0230769,4363.66,170182741790
United States,1920,Antwerp,41,27,27,204,106881000,0.0888839,0.1908665,0.0383604,8568.17,915774757688
Italy,1920,Antwerp,13,5,5,54,37398000,0.0615006,0.1443927,0.0347612,3229.38,120772220199
Australia,1920,Antwerp,0,2,1,5,5358000,0.055991,0.0933184,0.0,6449.93,34558727960
New Zealand,1920,Antwerp,0,0,1,1,1241000,0.0805802,0.0805802,0.0,7638.54,9479424736
Greece,1920,Antwerp,0,1,0,2,5700000,0.0175439,0.0350877,0.0,2848.4,16235900853
Brazil,1920,Antwerp,1,1,1,6,27404000,0.0109473,0.0218946,0.0036491,875.52,23992727355
Spain,1920,Antwerp,0,2,0,4,21232000,0.0094197,0.0188395,0.0,3262.65,69272673032
Japan,1920,Antwerp,0,2,0,4,55818000,0.0035831,0.0071661,0.0,2402.74,134115973063
Finland,1924,Paris,14,13,10,78,3272000,1.1308068,2.3838631,0.4278729,3056.68,10001451433
Switzerland,1924,Paris,7,8,10,47,3896000,0.6416838,1.2063655,0.1796715,7709.48,30036139150
Sweden,1924,Paris,4,13,12,50,6017675,0.4819137,0.8308857,0.0664709,4628.13,27850564129
Norway,1924,Paris,5,2,3,22,2729000,0.3664346,0.8061561,0.1832173,4040.61,11026834973
Denmark,1924,Paris,2,5,2,18,3389000,0.2655651,0.5311301,0.0590145,5668.6,19210875966
Belgium,1924,Paris,3,7,3,26,7707000,0.1686778,0.3373557,0.0389257,6123.55,47194205337
Netherlands,1924,Paris,4,1,5,19,7264000,0.1376652,0.2615639,0.0550661,5563.92,40416311880
Australia,1924,Paris,3,1,2,13,5819000,0.1031105,0.2234061,0.0515553,7332.16,42665831449
Uruguay,1924,Paris,1,0,0,3,1498000,0.0667557,0.200267,0.0667557,3918.22,5869496557
France,1924,Paris,13,15,10,79,40310000,0.0942694,0.1959811,0.0322501,5731.07,231019585106
Hungary,1924,Paris,2,3,4,16,8232000,0.1093294,0.1943635,0.0242954,3643.92,29996766818
United States,1924,Paris,45,27,27,216,114558000,0.0864191,0.1885508,0.0392814,9544.98,1093453294740
Britain,1924,Paris,9,13,12,65,44915000,0.0756985,0.1447178,0.0200378,6925.75,311070252507
Argentina,1924,Paris,1,3,2,11,10054000,0.0596777,0.1094092,0.0099463,5035.79,50629818312
Austria,1924,Paris,0,3,1,7,6562000,0.060957,0.1066748,0.0,4892.64,32105528252
Italy,1924,Paris,8,3,5,35,38810000,0.0412265,0.0901829,0.0206132,3409.86,132336584356
Canada,1924,Paris,0,3,1,7,9394000,0.0425804,0.0745156,0.0,5771.38,54216340482
New Zealand,1924,Paris,0,0,1,1,1350000,0.0740741,0.0740741,0.0,6963.81,9401147075
Portugal,1924,Paris,0,0,1,1,6300000,0.015873,0.015873,0.0,1989.26,12532353258
Poland,1924,Paris,0,1,1,3,25992000,0.0076947,0.011542,0.0,3181.98,82705968209
Romania,1924,Paris,0,0,1,1,13020000,0.0076805,0.0076805,0.0,2966.42,38622805780
Japan,1924,Paris,0,0,1,1,58686000,0.001704,0.001704,0.0,2582.09,151532414434
Finland,1928,Amsterdam,8,8,9,49,3396000,0.7361602,1.442874,0.2355713,3720.77,12635723102
Switzerland,1928,Amsterdam,7,4,4,33,3988000,0.3761284,0.8274824,0.1755266,9441.41,37652355794
Sweden,1928,Amsterdam,7,6,12,45,6105474,0.4094686,0.7370435,0.1146512,5166.73,31545324708
Netherlands,1928,Amsterdam,6,9,4,40,7679000,0.2474281,0.5209012,0.0781352,6408.23,49208796340
Denmark,1928,Amsterdam,3,1,2,13,3497000,0.1715756,0.3717472,0.0857878,6022.47,21060575159
Norway,1928,Amsterdam,1,2,1,8,2785000,0.1436266,0.2872531,0.0359066,4657.52,12971182750
Canada,1928,Amsterdam,4,4,7,27,10107000,0.148412,0.2671416,0.0395765,7504.92,75852207197
Hungary,1928,Amsterdam,4,5,0,22,8520000,0.1056338,0.258216,0.0469484,4602.36,39212074492
New Zealand,1928,Amsterdam,1,0,0,3,1454000,0.0687758,0.2063274,0.0687758,6961.01,10121301556
Uruguay,1928,Amsterdam,1,0,0,3,1646000,0.0607533,0.18226,0.0607533,4504.87,7415011469
Argentina,1928,Amsterdam,3,3,1,16,11282000,0.0620457,0.1418188,0.026591,5356.78,60435247044
Australia,1928,Amsterdam,1,2,1,8,6304000,0.0634518,0.1269036,0.0158629,7378.65,46515013807
Austria,1928,Amsterdam,2,0,1,7,6643000,0.0451603,0.1053741,0.0301069,5657.6,37583420643
France,1928,Amsterdam,6,10,5,43,41050000,0.0511571,0.1047503,0.0146163,6139.65,252032752211
Ireland,1928,Amsterdam,1,0,0,3,2944000,0.0339674,0.1019022,0.0339674,3915.26,11526514754
United States,1928,Amsterdam,22,18,16,118,120971000,0.0462921,0.097544,0.0181862,9892.79,1196740532241
Italy,1928,Amsterdam,7,5,7,38,40186000,0.0472801,0.0945603,0.017419,3782.3,151995313787
Germany,1928,Amsterdam,10,7,14,58,64393000,0.0481419,0.0900719,0.0155296,6418.17,413285407223
Britain,1928,Amsterdam,3,10,7,36,45578000,0.0438808,0.0789855,0.0065821,7539.42,343631467962
Belgium,1928,Amsterdam,0,1,2,4,7968000,0.0376506,0.0502008,0.0,6598.97,52580588787
Chile,1928,Amsterdam,0,1,0,2,4140494,0.0241517,0.0483034,0.0,3372.55,13964002456
Poland,1928,Amsterdam,1,1,3,8,27509000,0.0181759,0.0290814,0.0036352,3342.48,91948177480
Japan,1928,Amsterdam,2,2,1,11,62361000,0.0080178,0.0176392,0.0032071,2780.19,173375137901
Portugal,1928,Amsterdam,0,0,1,1,6619000,0.015108,0.015108,0.0,2087.28,13815684402
Spain,1928,Amsterdam,1,0,0,3,22977000,0.0043522,0.0130565,0.0043522,3872.19,88971312044
Philippines,1928,Amsterdam,0,0,1,1,10919723,0.0091577,0.0091577,0.0,1494.0,16314037461
Finland,1932,Los Angeles,5,8,12,43,3503000,0.713674,1.2275193,0.1427348,3504.34,12275705974
Sweden,1932,Los Angeles,9,5,9,46,6162895,0.3732012,0.7464025,0.1460353,5131.83,31626932290
Hungary,1932,Los Angeles,6,4,5,31,8785000,0.1707456,0.3528742,0.0682982,4178.09,36704507778
Denmark,1932,Los Angeles,0,3,3,9,3603000,0.1665279,0.2497918,0.0,6540.17,23564250135
Canada,1932,Los Angeles,2,5,8,24,10794000,0.1389661,0.2223457,0.0185288,5327.95,57509856492
Ireland,1932,Los Angeles,2,0,0,6,2949000,0.0678196,0.2034588,0.0678196,4126.9,12170214386
Netherlands,1932,Los Angeles,2,5,0,16,8123000,0.0861751,0.1969716,0.0246214,5868.27,47667993738
Australia,1932,Los Angeles,3,1,1,12,6579000,0.0759994,0.1823985,0.0455996,6176.78,40637025418
Italy,1932,Los Angeles,12,12,12,72,41431000,0.0868915,0.1737829,0.0289638,3832.8,158796814687
United States,1932,Los Angeles,41,32,30,217,125436000,0.0821136,0.1729966,0.032686,7433.95,932485326682
New Zealand,1932,Los Angeles,0,1,0,2,1527000,0.0654879,0.1309758,0.0,5859.29,8947136642
Austria,1932,Los Angeles,1,1,3,8,6725000,0.0743494,0.1189591,0.0148699,4547.49,30581876064
France,1932,Los Angeles,10,5,4,44,41860000,0.0453894,0.1051123,0.0238892,5562.21,232834242023
Argentina,1932,Los Angeles,3,1,0,11,12402000,0.0322529,0.0886954,0.0241896,4393.52,54488416189
Britain,1932,Los Angeles,4,7,5,31,46335000,0.0345311,0.0669041,0.0086328,7245.67,335728260328
Japan,1932,Los Angeles,7,7,4,39,66189000,0.0271949,0.0589222,0.0105758,2716.38,179794308291
Germany,1932,Los Angeles,3,12,5,38,65716000,0.030434,0.0578246,0.0045651,5275.27,346669700540
Uruguay,1932,Los Angeles,0,0,1,1,1770000,0.0564972,0.0564972,0.0,3686.22,6524610340
Switzerland,1932,Los Angeles,0,1,0,2,4102000,0.0243784,0.0487567,0.0,8736.36,35836569044
Poland,1932,Los Angeles,2,1,4,12,29022000,0.0241196,0.0413479,0.0068913,2649.16,76883973466
Philippines,1932,Los Angeles,0,0,3,3,12039293,0.0249184,0.0249184,0.0,1489.42,17931611325
Mexico,1932,Los Angeles,0,2,0,4,17790000,0.0112423,0.0224845,0.0,1774.36,31565778360
Spain,1932,Los Angeles,0,1,0,2,23897000,0.0041846,0.0083693,0.0,3835.49,91656740809
Finland,1936,Berlin,7,6,6,39,3601000,0.5276312,1.0830325,0.1943904,4506.28,16227113476
Switzerland,1936,Berlin,1,9,5,26,4168000,0.3598848,0.6238004,0.0239923,9039.73,37677575054
Sweden,1936,Berlin,6,5,9,37,6250627,0.3199679,0.5919406,0.0959904,6206.98,38797532692
Hungary,1936,Berlin,10,1,5,37,9046000,0.1768738,0.4090206,0.1105461,4989.63,45136200854
Austria,1936,Berlin,4,6,3,27,6758000,0.1923646,0.3995265,0.0591891,4632.65,31307424725
Netherlands,1936,Berlin,6,4,7,33,8516000,0.1996242,0.3875059,0.0704556,6105.71,51996193503
Norway,1936,Berlin,1,3,2,11,2904000,0.2066116,0.3787879,0.0344353,6143.85,17841752006
Germany,1936,Berlin,33,26,30,181,67349000,0.1321475,0.2687494,0.0489985,6984.27,470383687673
New Zealand,1936,Berlin,1,0,0,3,1573000,0.0635728,0.1907184,0.0635728,7907.39,12438320319
Denmark,1936,Berlin,0,2,3,7,3722000,0.1343364,0.1880709,0.0,7090.48,26390775649
Canada,1936,Berlin,1,3,5,14,11243000,0.0800498,0.1245219,0.0088944,5984.97,67289065570
Italy,1936,Berlin,8,9,5,47,42750000,0.051462,0.1099415,0.0187135,4218.03,180320805128
Argentina,1936,Berlin,2,2,3,13,13260000,0.0527903,0.0980392,0.015083,4872.97,64615520728
United States,1936,Berlin,24,20,12,124,128681000,0.0435185,0.0963623,0.0186508,9629.63,1239150851659
France,1936,Berlin,7,6,6,39,41910000,0.0453352,0.0930565,0.0167025,5427.12,227450784745
Britain,1936,Berlin,4,7,3,29,47081000,0.029736,0.061596,0.008496,8493.92,399902306322
Japan,1936,Berlin,6,4,8,34,70171000,0.0256516,0.0484531,0.0085505,3090.28,216848013812
Poland,1936,Berlin,0,3,3,9,30471000,0.0196909,0.0295363,0.0,2596.46,79116715119
Turkey,1936,Berlin,1,0,1,4,16434000,0.0121699,0.0243398,0.0060849,2050.89,33704295588
Belgium,1936,Berlin,0,0,2,2,8315000,0.0240529,0.0240529,0.0,6529.96,54296592123
Mexico,1936,Berlin,0,0,3,3,19040000,0.0157563,0.0157563,0.0,2292.82,43655212600
Australia,1936,Berlin,0,0,1,1,6783000,0.0147427,0.0147427,0.0,7465.37,50637590973
Portugal,1936,Berlin,0,0,1,1,7305000,0.0136893,0.0136893,0.0,2161.78,15791787227
Romania,1936,Berlin,0,1,0,2,15256000,0.0065548,0.0131096,0.0,2816.99,42975961208
Philippines,1936,Berlin,0,0,1,1,13231992,0.0075574,0.0075574,0.0,1463.72,19367897365
Sweden,1948,London,16,11,17,87,6829159,0.644296,1.273949,0.2342895,8496.27,58022367979
Finland,1948,London,8,7,5,43,3912000,0.5112474,1.099182,0.204499,5438.68,21276134173
Denmark,1948,London,5,7,8,37,4190000,0.477327,0.8830549,0.1193317,7925.43,33207539324
Switzerland,1948,London,5,10,5,40,4582000,0.4364906,0.8729812,0.1091227,13947.1,63905605882
Hungary,1948,London,10,5,12,52,9158000,0.2948242,0.5678096,0.1091941,4192.74,38397115310
Jamaica,1948,London,1,2,0,7,1350000,0.2222222,0.5185185,0.0740741,2914.58,3934679028
Norway,1948,London,1,3,3,12,3201000,0.2186817,0.3748828,0.0312402,8013.11,25649971099
Australia,1948,London,2,6,5,23,7715000,0.1685029,0.2981205,0.0259235,9430.04,72752729849
Netherlands,1948,London,5,2,9,28,9800000,0.1632653,0.2857143,0.0510204,6792.51,66566604344
Panama,1948,London,0,0,2,2,822000,0.243309,0.243309,0.0,2641.44,2171260152
Belgium,1948,London,2,2,3,13,8557000,0.0818044,0.1519224,0.0233727,7533.41,64463388893
Turkey,1948,London,6,4,2,28,20156000,0.0595356,0.1389165,0.0297678,2026.87,40853669439
Uruguay,1948,London,0,1,1,3,2160000,0.0925926,0.1388889,0.0,5080.7,10974309243
France,1948,London,10,6,13,55,41110000,0.0705424,0.1337874,0.024325,6298.46,258929594526
United States,1948,London,38,27,19,187,147203000,0.0570641,0.1270355,0.0258147,15266.38,2247257121300
Italy,1948,London,8,11,8,54,46381000,0.0582135,0.116427,0.0172484,4108.64,190562921266
Argentina,1948,London,3,3,1,16,16307000,0.0429264,0.0981174,0.018397,6560.39,106980239263
Austria,1948,London,1,0,3,6,6956000,0.0575043,0.0862565,0.0143761,4276.52,29747495103
Britain,1948,London,3,14,6,43,50014000,0.0459871,0.0859759,0.0059983,9493.84,474824714701
South Africa,1948,London,2,1,1,9,13683162,0.029233,0.0657743,0.0146165,4760.18,65134321402
Peru,1948,London,1,0,0,3,7376000,0.0135575,0.0406725,0.0135575,3110.57,22943547712
Mexico,1948,London,2,1,2,10,25852000,0.0193409,0.0386817,0.0077363,2992.76,77368895103
Cuba,1948,London,0,1,0,2,5268000,0.0189825,0.0379651,0.0,4664.52,24572712429
Portugal,1948,London,0,1,1,3,8256000,0.0242248,0.0363372,0.0,2904.91,23982960573
Canada,1948,London,0,1,2,4,13180000,0.0227618,0.030349,0.0,10253.07,135135495387
Sri Lanka,1948,London,0,1,0,2,7244000,0.0138045,0.0276091,0.0,956.2,6926722723
South Korea,1948,London,0,0,2,2,18869487,0.0105991,0.0105991,0.0,660.0,12453900758
Spain,1948,London,0,1,0,2,27437000,0.0036447,0.0072894,0.0,3275.47,89868952574
Iran,1948,London,0,0,1,1,17414215,0.0057424,0.0057424,0.0,2769.3,48225165079
Poland,1948,London,0,0,1,1,23980000,0.0041701,0.0041701,0.0,3477.09,83380706309
Brazil,1948,London,0,0,1,1,49590000,0.0020165,0.0020165,0.0,1813.51,89931898243
India,1948,London,1,0,0,3,350000000,0.0002857,0.0008571,0.0002857,581.74,203608542714
Sweden,1952,Helsinki,12,13,10,72,7129070,0.4909476,1.0099494,0.1683249,9222.51,65747888546
Luxembourg,1952,Helsinki,1,0,0,3,299060,0.3343811,1.0031432,0.3343811,14326.14,4284374769
Finland,1952,Helsinki,6,3,13,37,4095096,0.5372279,0.9035197,0.1465167,6424.52,26309022351
Hungary,1952,Helsinki,16,10,16,84,9594893,0.4377329,0.8754657,0.1667554,5263.67,50504387051
Jamaica,1952,Helsinki,2,3,0,12,1468075,0.3405821,0.8173969,0.1362328,2898.53,4255260723
Switzerland,1952,Helsinki,2,6,6,24,4788955,0.2923394,0.5011532,0.0417628,14734.23,70561577612
Norway,1952,Helsinki,3,2,0,13,3332263,0.1500482,0.3901253,0.0900289,9126.13,30410679166
Trinidad and Tobago,1952,Helsinki,0,0,2,2,661131,0.3025119,0.3025119,0.0,3023.27,1998778793
Australia,1952,Helsinki,6,2,3,25,8604679,0.1278374,0.2905396,0.0697295,10039.6,86387497748
Denmark,1952,Helsinki,2,1,3,11,4344863,0.1380941,0.2531725,0.0460314,9035.67,39258730071
New Zealand,1952,Helsinki,1,0,2,5,1992618,0.1505557,0.2509262,0.0501852,10556.58,21035222672
Lebanon,1952,Helsinki,0,1,1,3,1499688,0.1333611,0.2000416,0.0,4834.8,7250697642
South Africa,1952,Helsinki,2,4,4,18,14322458,0.0698204,0.1256768,0.0139641,4725.3,67677846785
Belgium,1952,Helsinki,2,2,0,10,8710135,0.0459235,0.1148088,0.0229618,8343.11,72669571975
United States,1952,Helsinki,40,19,17,175,162530196,0.0467605,0.1076723,0.0246108,17039.38,2769414080582
Italy,1952,Helsinki,8,9,4,46,47171699,0.0445182,0.0975161,0.0169593,4931.4,232622712465
Netherlands,1952,Helsinki,0,5,0,10,10275906,0.0486575,0.097315,0.0,7564.17,77728686530
Uruguay,1952,Helsinki,0,0,2,2,2285906,0.0874927,0.0874927,0.0,5716.77,13067991402
France,1952,Helsinki,6,6,6,36,42328940,0.0425241,0.0850482,0.0141747,7550.91,319621960352
Ireland,1952,Helsinki,0,1,0,2,2923770,0.0342024,0.0684048,0.0,5210.28,15233661314
Chile,1952,Helsinki,0,2,0,4,6321806,0.0316365,0.0632731,0.0,3939.98,24907781549
Iran,1952,Helsinki,0,3,4,10,18153564,0.0385599,0.0550856,0.0,2722.84,49429331457
Argentina,1952,Helsinki,1,2,2,9,17865382,0.0279871,0.0503768,0.0055974,5911.32,105607901552
Canada,1952,Helsinki,1,2,0,7,14518772,0.0206629,0.0482134,0.0068876,11367.16,165037220659
Germany,1952,Helsinki,0,7,17,31,69086530,0.034739,0.0448713,0.0,7144.11,493562073318
Austria,1952,Helsinki,0,1,1,3,6929474,0.0288622,0.0432933,0.0,6137.08,42526711989
Romania,1952,Helsinki,1,1,2,7,16856828,0.0237293,0.0415262,0.0059323,3144.61,53008203606
Turkey,1952,Helsinki,2,0,1,7,22519048,0.0133221,0.0310848,0.0088814,2376.31,53512330903
Poland,1952,Helsinki,1,2,1,8,25919296,0.0154325,0.030865,0.0038581,4029.33,104437389144
Britain,1952,Helsinki,1,2,8,15,50706811,0.0216933,0.0295818,0.0019721,9979.51,506029050747
Japan,1952,Helsinki,1,6,2,17,85174302,0.0105666,0.0199591,0.0011741,3216.96,274002011416
Venezuela,1952,Helsinki,0,0,1,1,5504783,0.018166,0.018166,0.0,7689.8,42330678998
Bulgaria,1952,Helsinki,0,0,1,1,7324411,0.013653,0.013653,0.0,2444.29,17902960014
Portugal,1952,Helsinki,0,0,1,1,8475340,0.0117989,0.0117989,0.0,3068.32,26005054099
South Korea,1952,Helsinki,0,0,2,2,19566709,0.0102214,0.0102214,0.0,736.17,14404394735
Brazil,1952,Helsinki,1,0,2,5,57422674,0.0052244,0.0087074,0.0017415,2108.94,121101224178
Spain,1952,Helsinki,0,1,0,2,28427994,0.0035177,0.0070353,0.0,3834.03,108993916642
Mexico,1952,Helsinki,0,1,0,2,29465877,0.0033938,0.0067875,0.0,3478.13,102486019023
Egypt,1952,Helsinki,0,0,1,1,22607727,0.0044233,0.0044233,0.0,1418.82,32076350502
India,1952,Helsinki,1,0,1,4,384822769,0.0005197,0.0010394,0.0002599,588.15,226332908140
Iceland,1956,Melbourne,0,1,0,2,161597,0.6188234,1.2376467,0.0,9489.02,1533397828
Australia,1956,Melbourne,13,8,14,69,9419635,0.3715643,0.7325125,0.1380096,10974.13,103372283661
Sweden,1956,Melbourne,8,5,6,40,7303942,0.2601335,0.5476495,0.1095299,10407.08,76012726180
Hungary,1956,Melbourne,9,10,7,54,9868650,0.2634606,0.5471873,0.0911979,5537.72,54649843913
Finland,1956,Melbourne,3,1,11,22,4278702,0.3505736,0.5141746,0.0701147,7277.78,31139469632
Ireland,1956,Melbourne,1,1,3,8,2884992,0.1733107,0.2772971,0.0346621,5574.54,16082495128
New Zealand,1956,Melbourne,2,0,0,6,2182946,0.0916193,0.2748579,0.0916193,12186.7,26602914038
Denmark,1956,Melbourne,1,2,1,8,4466552,0.0895545,0.1791091,0.0223886,9715.12,43393103515
Romania,1956,Melbourne,5,3,5,26,17687296,0.0734991,0.1469982,0.0282689,3829.44,67732433223
Norway,1956,Melbourne,1,0,2,5,3458366,0.0867462,0.1445769,0.0289154,10399.98,35966943551
Bulgaria,1956,Melbourne,1,3,1,10,7568951,0.0660594,0.1321187,0.0132119,2747.38,20794768925
Italy,1956,Melbourne,8,8,9,49,48401893,0.0516509,0.1012357,0.0165283,5958.25,288390694697
United States,1956,Melbourne,32,25,17,163,174211875,0.042477,0.0935642,0.0183684,17783.27,3098057159552
Chile,1956,Melbourne,0,2,2,6,6931486,0.0577077,0.0865615,0.0,4004.52,27757288583
Britain,1956,Melbourne,6,7,11,43,51404774,0.0466883,0.0836498,0.0116721,11158.95,573623395651
United Team of Germany,1956,Melbourne,6,13,7,51,70769436,0.036739,0.072065,0.0084782,9692.61,685940432466
Canada,1956,Melbourne,2,1,3,11,16174093,0.0370964,0.06801,0.0123655,12555.55,203074624725
France,1956,Melbourne,4,4,6,26,43831475,0.0319405,0.0593181,0.0091259,8786.31,385116834382
Turkey,1956,Melbourne,3,2,2,15,25290730,0.0276781,0.0593103,0.0118621,2523.46,63820107474
Iran,1956,Melbourne,2,2,1,11,19904579,0.0251198,0.0552637,0.0100479,2684.96,53442942884
Poland,1956,Melbourne,1,4,4,15,27650608,0.032549,0.0542484,0.0036166,4576.69,126548188609
Belgium,1956,Melbourne,0,2,0,4,8922420,0.0224154,0.0448309,0.0,9529.4,85025341205
Uruguay,1956,Melbourne,0,0,1,1,2403897,0.0415991,0.0415991,0.0,6182.26,14861505306
Japan,1956,Melbourne,4,10,5,37,89261611,0.0212857,0.0414512,0.0044812,4058.84,362298424863
Austria,1956,Melbourne,0,0,2,2,6954658,0.0287577,0.0287577,0.0,8348.45,58060610856
South Africa,1956,Melbourne,0,0,4,4,15759932,0.0253808,0.0253808,0.0,5370.01,84630973352
Switzerland,1956,Melbourne,0,0,1,1,5026644,0.019894,0.019894,0.0,17501.93,87975981296
Argentina,1956,Melbourne,0,1,1,3,19276813,0.0103752,0.0155627,0.0,6630.03,127805933325
South Korea,1956,Melbourne,0,1,1,3,21897498,0.0091335,0.0137002,0.0,1038.59,22742570189
Greece,1956,Melbourne,0,0,1,1,8046802,0.0124273,0.0124273,0.0,4333.64,34871958065
Mexico,1956,Melbourne,1,0,1,4,33599909,0.0059524,0.0119048,0.0029762,3953.72,132844776369
Pakistan,1956,Melbourne,0,1,0,2,41973583,0.0023825,0.0047649,0.0,733.8,30800108013
Brazil,1956,Melbourne,1,0,0,3,64748101,0.0015444,0.0046333,0.0015444,2376.5,153873943643
India,1956,Melbourne,1,0,0,3,414120476,0.0002415,0.0007244,0.0002415,651.12,269643973770
Australia,1960,Rome,8,8,6,46,10286184,0.2138791,0.4472018,0.0777742,11897.96,122384644098
Hungary,1960,Rome,6,8,7,41,9982612,0.2103658,0.4107141,0.0601045,6954.29,69421994535
New Zealand,1960,Rome,2,0,1,7,2372000,0.1264755,0.2951096,0.084317,12816.33,30400335607
Denmark,1960,Rome,2,3,1,13,4579770,0.1310109,0.283857,0.0436703,11569.48,52985539245
Finland,1960,Rome,1,1,3,8,4430001,0.1128668,0.1805869,0.0225734,8562.87,37933537275
Switzerland,1960,Rome,0,3,3,9,5296052,0.1132919,0.1699379,0.0,19059.01,100937482496
Bulgaria,1960,Rome,1,3,3,12,7867008,0.0889792,0.1525358,0.0127113,3759.17,29573385141
Italy,1960,Rome,13,10,13,72,49519312,0.0726989,0.1453978,0.0262524,7314.83,362225387440
Sweden,1960,Rome,1,2,3,10,7480001,0.0802139,0.1336898,0.013369,11951.97,89400742544
Singapore,1960,Rome,0,1,0,2,1633694,0.061211,0.1224219,0.0,3426.03,5597085047
Poland,1960,Rome,4,6,11,35,29033001,0.0723315,0.1205525,0.0137774,5137.59,149159761121
United Team of Germany,1960,Rome,12,19,11,85,72814899,0.0576805,0.1167344,0.0164801,12091.34,880429841708
Romania,1960,Rome,3,1,6,17,18407002,0.0543272,0.0923562,0.0162981,4349.19,80055490307
Turkey,1960,Rome,7,2,0,25,28160579,0.0319596,0.0887766,0.0248574,2666.17,75080752926
United States,1960,Rome,34,21,16,160,186326215,0.0381052,0.0858709,0.0182476,18175.43,3386558346291
Norway,1960,Rome,1,0,0,3,3580998,0.0279252,0.0837755,0.0279252,11481.31,41114563214
Austria,1960,Rome,1,1,0,5,7042634,0.0283985,0.0709962,0.0141992,10083.83,71016724373
Belgium,1960,Rome,0,2,2,6,9152271,0.043705,0.0655575,0.0,10076.6,92223796761
Britain,1960,Rome,2,6,12,30,52544356,0.0380631,0.0570946,0.0038063,12167.33,639324675086
Greece,1960,Rome,1,0,0,3,8333499,0.0119998,0.0359993,0.0119998,5067.26,42228021709
Japan,1960,Rome,4,7,7,33,92500572,0.0194593,0.0356755,0.0043243,5488.81,507717645502
Netherlands,1960,Rome,0,1,2,4,11418460,0.0262732,0.035031,0.0,10620.98,121275181905
Ghana,1960,Rome,0,1,0,2,6742107,0.0148322,0.0296643,0.0,1158.85,7813079964
South Africa,1960,Rome,0,1,2,4,17396477,0.0172449,0.0229932,0.0,5545.68,96475305213
Iran,1960,Rome,0,1,3,5,21999103,0.0181826,0.0227282,0.0,3660.18,80520608016
Portugal,1960,Rome,0,1,0,2,8882954,0.0112575,0.022515,0.0,4196.15,37274171517
Taiwan,1960,Rome,0,1,0,2,11209000,0.0089214,0.0178428,0.0,1983.67,22234914885
Morocco,1960,Rome,0,1,0,2,11625999,0.0086014,0.0172028,0.0,1536.62,17864722792
France,1960,Rome,0,2,3,7,45688594,0.0109437,0.0153211,0.0,10244.42,468053179115
Argentina,1960,Rome,0,1,1,3,20625451,0.0096968,0.0145451,0.0,6984.76,144063736855
Iraq,1960,Rome,0,0,1,1,7379922,0.0135503,0.0135503,0.0,7086.01,52294180540
Ethiopia,1960,Rome,1,0,0,3,22553350,0.0044339,0.0133018,0.0044339,399.45,9008849911
Venezuela,1960,Rome,0,0,1,1,7562108,0.0132238,0.0132238,0.0,8714.11,65897043730
Canada,1960,Rome,0,1,0,2,17909009,0.0055838,0.0111676,0.0,12701.48,227470975549
Egypt,1960,Rome,0,1,1,3,27903093,0.0071677,0.0107515,0.0,1562.96,43611396921
Pakistan,1960,Rome,1,0,1,4,45920204,0.0043554,0.0087108,0.0021777,744.18,34172887961
Spain,1960,Rome,0,0,1,1,30413044,0.0032881,0.0032881,0.0,4603.07,139993296538
Brazil,1960,Rome,0,0,2,2,72758801,0.0027488,0.0027488,0.0,3044.13,221487135615
Mexico,1960,Rome,0,0,1,1,38418829,0.0026029,0.0026029,0.0,4433.09,170313949301
India,1960,Rome,0,1,0,2,447844159,0.0002233,0.0004466,0.0,696.1,311743997163
Bahamas,1964,Tokyo,1,0,0,3,133709,0.7478928,2.2436784,0.7478928,16708.02,2234012672
Hungary,1964,Tokyo,10,7,5,49,10107595,0.2176581,0.484784,0.0989355,8362.48,84524534744
Trinidad and Tobago,1964,Tokyo,0,1,2,4,883421,0.3395889,0.4527853,0.0,5217.56,4609302615
New Zealand,1964,Tokyo,3,0,2,11,2581577,0.1936801,0.4260961,0.116208,14107.05,36418447927
Australia,1964,Tokyo,6,2,10,32,11122567,0.1618331,0.2877034,0.0539444,13329.9,148262675404
Bulgaria,1964,Tokyo,3,5,2,21,8140705,0.1228395,0.2579629,0.0368518,4721.86,38439301126
Finland,1964,Tokyo,3,0,2,11,4545748,0.1099929,0.2419844,0.0659957,10042.22,45649398290
Denmark,1964,Tokyo,2,1,3,11,4722383,0.1270545,0.2329332,0.0423515,13937.78,65819536163
Sweden,1964,Tokyo,2,2,4,14,7676568,0.1042132,0.1823732,0.0260533,14703.36,112871357425
Netherlands,1964,Tokyo,2,4,4,18,12055386,0.0829505,0.1493109,0.0165901,12287.88,148135111757
Poland,1964,Tokyo,7,6,10,43,30740557,0.0748197,0.1398804,0.0227712,5788.41,177938801301
Switzerland,1964,Tokyo,1,2,1,8,5729362,0.0698158,0.1396316,0.017454,21712.09,124396449370
United Team of Germany,1964,Tokyo,10,22,18,92,75363329,0.0663453,0.1220753,0.0132691,13844.37,1043357750688
Italy,1964,Tokyo,10,10,7,57,51054762,0.0528844,0.1116448,0.0195868,8821.6,450384527176
Romania,1964,Tokyo,2,4,6,20,18870340,0.0635919,0.1059864,0.0105986,5326.92,100520714773
United States,1964,Tokyo,36,26,28,188,197094531,0.0456634,0.0953857,0.0182653,20243.98,3989977497746
Belgium,1964,Tokyo,2,0,1,7,9384939,0.0319661,0.0745876,0.0213107,12089.41,113458369956
Britain,1964,Tokyo,4,12,2,38,54006245,0.0333295,0.0703622,0.0074066,13465.99,727247754563
Japan,1964,Tokyo,16,5,8,66,96253698,0.0301287,0.0685688,0.0166227,7803.68,751133149780
Tunisia,1964,Tokyo,0,1,1,3,4541457,0.0440387,0.0660581,0.0,1912.76,8686732671
France,1964,Tokyo,1,8,6,25,48194218,0.0311241,0.0518734,0.0020749,12197.97,587871404831
Turkey,1964,Tokyo,2,3,1,13,31109820,0.0192865,0.0417874,0.0064288,2919.57,90827376604
Canada,1964,Tokyo,1,2,1,8,19309343,0.0207154,0.0414307,0.0051788,14510.9,280195932444
Uruguay,1964,Tokyo,0,0,1,1,2664775,0.0375266,0.0375266,0.0,5603.15,14931126890
Ireland,1964,Tokyo,0,0,1,1,2860976,0.0349531,0.0349531,0.0,7131.74,20403738180
Cuba,1964,Tokyo,0,1,0,2,7777606,0.0128574,0.0257149,0.0,5087.17,39566000828
South Korea,1964,Tokyo,0,2,1,5,27772698,0.010802,0.0180033,0.0,1321.71,36707315242
Ghana,1964,Tokyo,0,0,1,1,7610752,0.0131393,0.0131393,0.0,1189.01,9049257545
Ethiopia,1964,Tokyo,1,0,0,3,24846785,0.0040247,0.012074,0.0040247,478.77,11895880722
Kenya,1964,Tokyo,0,0,1,1,9200107,0.0108694,0.0108694,0.0,970.14,8925393595
Argentina,1964,Tokyo,0,1,0,2,21966478,0.0045524,0.0091048,0.0,7452.89,163713644304
Iran,1964,Tokyo,0,0,2,2,24408927,0.0081937,0.0081937,0.0,4320.58,105460787473
Philippines,1964,Tokyo,0,1,0,2,29664173,0.0033711,0.0067421,0.0,1717.62,50951833965
Pakistan,1964,Tokyo,0,1,0,2,50678979,0.0019732,0.0039464,0.0,870.84,44133471685
Mexico,1964,Tokyo,0,0,1,1,43574687,0.0022949,0.0022949,0.0,5213.6,227181051077
Nigeria,1964,Tokyo,0,0,1,1,50079946,0.0019968,0.0019968,0.0,1251.08,62654207672
Brazil,1964,Tokyo,0,0,1,1,82021855,0.0012192,0.0012192,0.0,3277.01,268786060284
India,1964,Tokyo,1,0,0,3,486038945,0.0002057,0.0006172,0.0002057,754.73,366829358157
Hungary,1968,Mexico City,10,10,12,62,10241753,0.3124465,0.6053651,0.0976395,9403.18,96305087933
Mongolia,1968,Mexico City,0,1,3,5,1209647,0.330675,0.4133437,0.0,1262.52,1527202196
Denmark,1968,Mexico City,1,4,3,14,4863983,0.1644743,0.28783,0.0205593,15706.49,76396111371
Australia,1968,Mexico City,5,7,5,34,12175746,0.1396218,0.2792437,0.0410652,15088.56,183714454104
Bulgaria,1968,Mexico City,2,4,3,17,8381450,0.10738,0.2028289,0.0238622,5639.35,47265902830
New Zealand,1968,Mexico City,1,0,2,5,2738299,0.1095571,0.1825951,0.036519,14279.12,39100507932
Kenya,1968,Mexico City,3,4,2,19,10502123,0.085697,0.1809158,0.0285657,1096.54,11516010643
Finland,1968,Mexico City,1,2,1,8,4588404,0.0871763,0.1743526,0.0217941,11122.84,51036096544
Romania,1968,Mexico City,4,6,5,29,19744551,0.0759703,0.146876,0.0202588,6461.5,127579413940
Norway,1968,Mexico City,1,1,0,5,3816102,0.0524095,0.1310238,0.0262048,15456.44,58983361372
Netherlands,1968,Mexico City,3,3,1,16,12670558,0.0552462,0.126277,0.0236769,14442.49,182994356922
Sweden,1968,Mexico City,2,1,1,9,7929066,0.0504473,0.1135064,0.0252237,16732.0,132669097295
Jamaica,1968,Mexico City,0,1,0,2,1824153,0.05482,0.1096399,0.0,6328.34,11543859643
United States,1968,Mexico City,45,28,34,225,205672498,0.0520245,0.1093972,0.0218794,23268.21,4785631736382
Switzerland,1968,Mexico City,0,1,4,6,6056165,0.0825605,0.0990726,0.0,23522.13,142453905780
Cuba,1968,Mexico City,0,4,0,8,8401476,0.0476107,0.0952214,0.0,5265.77,44240202081
Poland,1968,Mexico City,5,2,11,30,32008949,0.0562343,0.0937238,0.0156206,6900.04,220862961133
Tunisia,1968,Mexico City,1,0,1,4,4923201,0.040624,0.081248,0.020312,2088.68,10283013868
Austria,1968,Mexico City,0,2,2,6,7394601,0.0540935,0.0811403,0.0,13335.56,98611123354
France,1968,Mexico City,7,3,5,32,50026522,0.0299841,0.0639661,0.0139926,14146.15,707682614030
Japan,1968,Mexico City,11,7,7,54,100990902,0.0247547,0.0534702,0.0108921,10992.0,1110091590036
Britain,1968,Mexico City,5,5,3,28,55212835,0.0235452,0.0507128,0.0090559,14651.01,808923651966
Italy,1968,Mexico City,3,4,9,26,52584254,0.0304274,0.0494445,0.0057051,10694.07,562339946366
Canada,1968,Mexico City,1,3,1,10,20931716,0.0238872,0.0477744,0.0047774,16658.21,348684989493
Iran,1968,Mexico City,2,1,2,10,27173692,0.0184001,0.0368003,0.0073601,6118.78,166269969053
Mexico,1968,Mexico City,3,3,3,18,48943844,0.0183884,0.0367768,0.0061295,6036.64,295456395202
Uganda,1968,Mexico City,0,1,1,3,8866641,0.0225565,0.0338347,0.0,904.6,8020731009
Belgium,1968,Mexico City,0,1,1,3,9555402,0.0209306,0.0313959,0.0,13647.2,130404444848
Cameroon,1968,Mexico City,0,1,0,2,6503500,0.0153763,0.0307527,0.0,1575.87,10248681934
Venezuela,1968,Mexico City,1,0,0,3,10003238,0.0099968,0.0299903,0.0099968,9904.46,99076655306
Ethiopia,1968,Mexico City,1,1,0,5,27476546,0.0072789,0.0181973,0.0036395,514.0,14122950502
Turkey,1968,Mexico City,2,0,0,6,33982141,0.0058854,0.0176563,0.0058854,3363.34,114293451424
Greece,1968,Mexico City,0,0,1,1,8697173,0.011498,0.011498,0.0,8581.63,74635931977
South Korea,1968,Mexico City,0,1,1,3,30208614,0.0066206,0.0099309,0.0,1767.77,53401919698
Argentina,1968,Mexico City,0,0,2,2,23273148,0.0085936,0.0085936,0.0,8284.39,192803863150
Taiwan,1968,Mexico City,0,0,1,1,13962000,0.0071623,0.0071623,0.0,3243.56,45286560624
Pakistan,1968,Mexico City,1,0,0,3,56257610,0.0017775,0.0053326,0.0017775,981.75,55231178307
Brazil,1968,Mexico City,0,1,2,4,91394916,0.0032825,0.0043766,0.0,3666.98,335143171123
India,1968,Mexico City,0,0,1,1,529658233,0.0001888,0.0001888,0.0,739.12,391479993790
Hungary,1972,Munich,6,13,16,60,10393745,0.336741,0.5772703,0.057727,10168.66,105690418645
Bulgaria,1972,Munich,6,10,5,43,8590839,0.2444464,0.5005332,0.0698418,6597.49,56678012181
Sweden,1972,Munich,4,6,6,30,8117863,0.1970962,0.3695554,0.0492741,18723.04,151991112358
Finland,1972,Munich,3,1,4,15,4644371,0.1722515,0.3229716,0.0645943,14358.88,66687946817
Australia,1972,Munich,8,7,2,40,13236895,0.1284289,0.3021857,0.0604371,16788.63,222229325673
Norway,1972,Munich,2,1,1,9,3934529,0.101664,0.228744,0.050832,17809.8,70073167412
New Zealand,1972,Munich,1,1,1,6,2930577,0.1023689,0.2047378,0.034123,16046.04,47024147806
Cuba,1972,Munich,3,1,4,15,9010586,0.0887845,0.1664709,0.0332942,5305.45,47805170749
Mongolia,1972,Munich,0,1,0,2,1359478,0.0735576,0.1471153,0.0,1421.74,1932826936
Romania,1972,Munich,3,6,7,28,20674980,0.0773882,0.1354294,0.0145103,8011.41,165635832526
Kenya,1972,Munich,2,3,4,16,12082989,0.0744849,0.1324176,0.0165522,1222.36,14769762047
Poland,1972,Munich,7,5,9,40,33084382,0.0634741,0.120903,0.021158,8006.51,264890335852
Switzerland,1972,Munich,0,3,0,6,6269871,0.0478479,0.0956957,0.0,27195.11,170509850606
Netherlands,1972,Munich,3,1,1,12,13231426,0.0377888,0.0906932,0.0226733,16935.57,224081777403
United States,1972,Munich,33,31,30,191,213250350,0.0440796,0.0895661,0.0154748,24654.04,5257481618056
Lebanon,1972,Munich,0,1,0,2,2597588,0.0384973,0.0769945,0.0,7486.38,19446542126
Denmark,1972,Munich,1,0,0,3,4987806,0.0200489,0.0601467,0.0200489,18059.78,90078666939
Japan,1972,Munich,13,8,8,63,106619818,0.0271994,0.0590885,0.0121929,14778.79,1575711512416
Italy,1972,Munich,5,3,10,31,54074032,0.0332877,0.0573288,0.0092466,12269.27,663449103123
Britain,1972,Munich,4,5,9,31,55964697,0.0321631,0.0553921,0.0071474,15895.12,889565373800
North Korea,1972,Munich,1,1,3,8,15034521,0.0332568,0.0532109,0.0066514,3002.05,45134400910
Austria,1972,Munich,0,1,2,4,7526469,0.0398593,0.0531458,0.0,16661.63,125403208571
Jamaica,1972,Munich,0,0,1,1,1924871,0.0519515,0.0519515,0.0,7433.89,14309277917
Uganda,1972,Munich,1,1,0,5,10012125,0.0199758,0.0499394,0.0099879,950.74,9518886363
Greece,1972,Munich,0,2,0,4,8870711,0.0225461,0.0450922,0.0,12129.8,107599977370
Belgium,1972,Munich,0,2,0,4,9696539,0.0206259,0.0412518,0.0,16672.14,161662090262
France,1972,Munich,2,4,7,21,51572812,0.0252071,0.0407191,0.003878,16840.55,868514733704
Tunisia,1972,Munich,0,1,0,2,5326668,0.0187735,0.0375469,0.0,2753.29,14665840399
Canada,1972,Munich,0,2,3,7,22344104,0.0223773,0.0313282,0.0,18970.57,423880408231
Niger,1972,Munich,0,0,1,1,4640560,0.0215491,0.0215491,0.0,954.21,4428065214
Colombia,1972,Munich,0,1,2,4,22381887,0.0134037,0.0178716,0.0,3264.66,73069252141
Iran,1972,Munich,0,2,1,5,30197689,0.0099345,0.0165576,0.0,8985.0,271326270148
Ghana,1972,Munich,0,0,1,1,9167822,0.0109077,0.0109077,0.0,1178.22,10801745229
Argentina,1972,Munich,0,1,0,2,24791983,0.0040336,0.0080671,0.0,9443.04,234111650596
Ethiopia,1972,Munich,0,0,2,2,30642920,0.0065268,0.0065268,0.0,566.24,17351367884
South Korea,1972,Munich,0,1,0,2,32766592,0.0030519,0.0061038,0.0,2458.07,80542593906
Turkey,1972,Munich,0,1,0,2,37054168,0.0026988,0.0053975,0.0,3879.15,143738691032
Mexico,1972,Munich,0,1,0,2,55081201,0.0018155,0.003631,0.0,6809.41,375070298556
Pakistan,1972,Munich,0,1,0,2,62751275,0.0015936,0.0031872,0.0,1049.94,65885009740
Spain,1972,Munich,0,0,1,1,34553119,0.0028941,0.0028941,0.0,10638.75,367602039873
Brazil,1972,Munich,0,0,2,2,100828667,0.0019836,0.0019836,0.0,4985.71,502702641259
Nigeria,1972,Munich,0,0,1,1,60191508,0.0016614,0.0016614,0.0,1698.39,102228585349
India,1972,Munich,0,0,1,1,579871075,0.0001725,0.0001725,0.0,757.85,439457873231
Bermuda,1976,Montreal,0,0,1,1,54682,1.8287553,1.8287553,0.0,44362.8,2425846624
Bulgaria,1976,Montreal,6,9,7,43,8754869,0.2512887,0.4911553,0.0685333,7722.87,67612725110
Finland,1976,Montreal,4,2,0,16,4726845,0.1269346,0.3384922,0.084623,15610.75,73789587783
Hungary,1976,Montreal,4,5,13,35,10566645,0.2082023,0.331231,0.037855,11035.57,116608899457
Cuba,1976,Montreal,6,4,3,29,9525242,0.1364795,0.3044542,0.0629905,6173.86,58807507913
Trinidad and Tobago,1976,Montreal,1,0,0,3,1019403,0.0980966,0.2942899,0.0980966,7555.17,7701762946
New Zealand,1976,Montreal,2,1,1,9,3109010,0.1286583,0.2894812,0.0643292,17126.42,53246202705
Jamaica,1976,Montreal,1,1,0,5,2036770,0.0981947,0.2454867,0.0490973,6867.75,13988019352
Romania,1976,Montreal,4,9,14,44,21447200,0.1258906,0.205155,0.0186505,9239.34,198158071128
Sweden,1976,Montreal,4,1,0,14,8218933,0.0608351,0.1703384,0.0486681,20036.18,164675984510
Poland,1976,Montreal,7,6,13,46,34279654,0.0758467,0.1341904,0.0204203,9421.88,322978777188
Mongolia,1976,Montreal,0,1,0,2,1523908,0.0656208,0.1312415,0.0,1597.77,2434854816
Switzerland,1976,Montreal,1,1,2,7,6355012,0.0629424,0.1101493,0.0157356,26270.87,166951685590
Denmark,1976,Montreal,1,0,2,5,5079015,0.0590666,0.0984443,0.0196889,19400.16,98533728409
Belgium,1976,Montreal,0,3,3,9,9808403,0.061172,0.0917581,0.0,19019.94,186555281916
United States,1976,Montreal,34,35,25,197,221161377,0.0425029,0.0890752,0.0153734,25881.72,5724036885249
Canada,1976,Montreal,0,5,6,16,23416090,0.0469762,0.0683291,0.0,21626.09,506398364638
Netherlands,1976,Montreal,0,2,3,7,13710713,0.0364678,0.051055,0.0,18992.14,260395808439
Japan,1976,Montreal,9,6,10,49,111996339,0.0223222,0.0437514,0.008036,16066.67,1799408028842
Italy,1976,Montreal,2,7,4,24,55377233,0.0234754,0.0433391,0.0036116,14021.93,776495647272
Portugal,1976,Montreal,0,2,0,4,9333952,0.0214272,0.0428543,0.0,9673.53,90292267115
Australia,1976,Montreal,0,1,4,6,14067994,0.0355417,0.04265,0.0,18351.07,258162713573
Britain,1976,Montreal,3,5,5,24,56273041,0.0231016,0.0426492,0.0053311,17050.63,959491021707
Puerto Rico,1976,Montreal,0,0,1,1,2990868,0.0334351,0.0334351,0.0,9336.84,27925258379
North Korea,1976,Montreal,1,1,0,5,16341363,0.0122389,0.0305972,0.0061194,3372.76,55115522119
France,1976,Montreal,2,3,4,16,52974009,0.0169895,0.0302035,0.0037754,18509.58,980526517224
South Korea,1976,Montreal,1,1,4,9,35299344,0.0169975,0.0254962,0.0028329,3568.13,125952724890
Venezuela,1976,Montreal,0,1,0,2,13135849,0.0076128,0.0152255,0.0,12688.92,166679781909
Norway,1976,Montreal,1,1,0,5,35299344,0.0056658,0.0141646,0.0028329,21245.52,749952976632
Austria,1976,Montreal,0,0,1,1,7580564,0.0131916,0.0131916,0.0,18874.3,143077804425
Spain,1976,Montreal,0,2,0,4,36124485,0.0055364,0.0110728,0.0,12886.57,465520529454
Iran,1976,Montreal,0,1,1,3,33788867,0.0059191,0.0088787,0.0,11710.25,395675987038
Mexico,1976,Montreal,1,0,1,4,61969362,0.0032274,0.0064548,0.0016137,7630.74,472871985991
Thailand,1976,Montreal,0,0,1,1,43453204,0.0023013,0.0023013,0.0,1823.5,79236703353
Brazil,1976,Montreal,0,0,2,2,110804816,0.001805,0.001805,0.0,6500.65,720303315923
Pakistan,1976,Montreal,0,0,1,1,70632133,0.0014158,0.0014158,0.0,1156.11,81658863642
Bulgaria,1980,Moscow,8,16,17,73,8861536,0.4626737,0.823785,0.0902778,7802.85,69145198943
Hungary,1980,Moscow,7,10,15,56,10698534,0.2991064,0.5234362,0.0654295,12018.55,128580916619
Cuba,1980,Moscow,8,7,5,43,9812223,0.2038274,0.4382289,0.081531,6695.01,65692958052
Mongolia,1980,Moscow,0,2,2,6,1693122,0.23625,0.3543749,0.0,1800.0,3047617768
Finland,1980,Moscow,3,1,4,15,4779488,0.1673819,0.3138411,0.0627682,17796.77,85059461743
Sweden,1980,Moscow,3,3,6,21,8310467,0.1443962,0.2526934,0.0360991,21179.39,176010626367
Denmark,1980,Moscow,2,1,2,10,5123026,0.0975986,0.1951971,0.0390394,20529.08,105171000583
Romania,1980,Moscow,6,6,13,43,22201389,0.1126056,0.1936816,0.0270253,9755.08,216576358937
Poland,1980,Moscow,3,14,15,52,35577214,0.0899452,0.146161,0.0084324,9173.32,326361227328
Jamaica,1980,Moscow,0,0,3,3,2132390,0.1406872,0.1406872,0.0,6015.19,12826732843
Guyana,1980,Moscow,0,0,1,1,776856,0.128724,0.128724,0.0,2653.79,2061609980
Austria,1980,Moscow,1,2,1,8,7548798,0.0529886,0.1059771,0.0132471,21284.71,160673963676
Australia,1980,Moscow,2,2,5,15,14709918,0.0611832,0.101972,0.0135963,19505.55,286925107462
Switzerland,1980,Moscow,2,0,0,6,6303346,0.0317292,0.0951875,0.0317292,28732.37,181110044830
Ireland,1980,Moscow,0,1,1,3,3417798,0.0585172,0.0877758,0.0,12217.02,41755317617
Britain,1980,Moscow,5,7,9,38,56303011,0.0372982,0.0674919,0.0088805,18199.83,1024705481841
Italy,1980,Moscow,8,3,4,34,56221171,0.0266803,0.0604754,0.0142295,16201.88,910888833454
France,1980,Moscow,6,5,3,31,53880143,0.0259836,0.0575351,0.0111358,20334.47,1095624073466
Greece,1980,Moscow,1,0,2,5,9642504,0.0311123,0.0518538,0.0103708,14877.19,143453379160
North Korea,1980,Moscow,0,3,2,8,17239340,0.0290034,0.0464055,0.0,3372.76,58144184490
Zimbabwe,1980,Moscow,1,0,0,3,7289463,0.0137184,0.0411553,0.0137184,727.55,5303415564
Lebanon,1980,Moscow,0,0,1,1,2794638,0.0357828,0.0357828,0.0,8532.76,23845974156
Belgium,1980,Moscow,1,0,0,3,9847297,0.0101551,0.0304652,0.0101551,20969.62,206494106725
Spain,1980,Moscow,1,3,2,11,37495321,0.016002,0.029337,0.002667,13790.56,517081494537
Netherlands,1980,Moscow,0,1,2,4,14088274,0.0212943,0.0283924,0.0,20372.21,287009256167
Ethiopia,1980,Moscow,2,0,2,8,35426282,0.0112911,0.0225821,0.0056455,588.38,20844082382
Tanzania,1980,Moscow,0,2,0,4,18685789,0.0107033,0.0214066,0.0,925.32,17290343776
Uganda,1980,Moscow,0,1,0,2,12662131,0.0078976,0.0157951,0.0,638.77,8088167935
Venezuela,1980,Moscow,0,1,0,2,15036273,0.0066506,0.0133012,0.0,12124.54,182307839028
Mexico,1980,Moscow,0,1,3,5,68776411,0.0058159,0.0072699,0.0,9319.56,640966180041
Brazil,1980,Moscow,2,0,2,8,121711864,0.0032865,0.0065729,0.0016432,7623.18,927831953628
India,1980,Moscow,1,0,0,3,700058589,0.0001428,0.0004285,0.0001428,843.57,590551326762
New Zealand,1984,Los Angeles,8,1,2,28,3243586,0.3391308,0.8632421,0.2466406,18612.88,60372470140
Romania,1984,Los Angeles,20,16,17,109,22622239,0.2342827,0.4818268,0.0884086,9855.45,222952252028
Finland,1984,Los Angeles,4,2,6,22,4879235,0.2459402,0.4508904,0.0819801,19387.97,94598466563
Iceland,1984,Los Angeles,0,0,1,1,238641,0.4190395,0.4190395,0.0,23215.83,5540249996
Sweden,1984,Los Angeles,2,11,6,34,8333446,0.2279969,0.4079945,0.0239997,22838.69,190324960978
Canada,1984,Los Angeles,10,18,16,82,25538860,0.1722865,0.3210793,0.039156,24431.85,623961567935
Australia,1984,Los Angeles,4,8,12,40,15567927,0.1541631,0.2569385,0.0256939,20295.25,315955016143
Switzerland,1984,Los Angeles,0,4,4,12,6415987,0.1246885,0.1870328,0.0,29128.19,186886081679
Jamaica,1984,Los Angeles,0,1,2,4,2270069,0.1321546,0.1762061,0.0,6116.87,13885709689
Denmark,1984,Los Angeles,0,3,3,9,5115476,0.1172911,0.1759367,0.0,22601.41,115616970461
Netherlands,1984,Los Angeles,5,2,6,25,14378740,0.0904113,0.1738678,0.0347736,20861.01,299955081802
United States,1984,Los Angeles,83,61,30,401,238794274,0.0728661,0.167927,0.034758,29785.25,7112548150641
Italy,1984,Los Angeles,14,6,12,66,56709575,0.0564279,0.1163825,0.0246872,17530.69,994158199846
Britain,1984,Los Angeles,5,11,21,58,56436762,0.0655601,0.1027699,0.0088595,19309.67,1089774996016
Norway,1984,Los Angeles,0,1,2,4,4138150,0.0724962,0.0966616,0.0,27548.87,114001347915
South Korea,1984,Los Angeles,6,6,7,37,39920981,0.047594,0.0926831,0.0150297,5803.8,231693378455
Puerto Rico,1984,Los Angeles,0,1,1,3,3347316,0.0597494,0.089624,0.0,10902.91,36495498625
France,1984,Los Angeles,5,7,16,45,54988578,0.0509197,0.0818352,0.0090928,21488.65,1181630078711
Austria,1984,Los Angeles,1,1,1,6,7550960,0.03973,0.0794601,0.0132433,22336.95,168665387244
Belgium,1984,Los Angeles,1,1,2,7,9835279,0.0406699,0.0711724,0.0101675,21498.94,211448053577
Ireland,1984,Los Angeles,0,1,0,2,3523059,0.0283844,0.0567688,0.0,12953.44,45635730635
Japan,1984,Los Angeles,10,8,14,60,119320901,0.0268184,0.0502846,0.0083808,20339.95,2426981475834
Portugal,1984,Los Angeles,1,0,2,5,9955005,0.0301356,0.050226,0.0100452,11482.99,114313185431
Greece,1984,Los Angeles,0,1,1,3,9892518,0.0202173,0.0303259,0.0,15123.24,149606883991
Algeria,1984,Los Angeles,0,2,2,6,21433070,0.0186627,0.0279941,0.0,5986.54,128309974554
Morocco,1984,Los Angeles,2,0,0,6,21747150,0.0091966,0.0275898,0.0091966,2655.21,57743160221
Kenya,1984,Los Angeles,1,0,2,5,18937969,0.0158412,0.026402,0.0052804,1279.51,24231386622
Spain,1984,Los Angeles,1,2,2,9,38339878,0.0130413,0.0234743,0.0026083,14342.73,549898530392
Ivory Coast,1984,Los Angeles,0,1,0,2,10089976,0.0099108,0.0198217,0.0,2250.26,22705118026
Syria,1984,Los Angeles,0,1,0,2,10230958,0.0097743,0.0195485,0.0,3518.22,35994743847
Venezuela,1984,Los Angeles,0,0,3,3,16813481,0.0178428,0.0178428,0.0,9500.52,159736741979
Mexico,1984,Los Angeles,2,3,1,13,74673296,0.008035,0.0174092,0.0026783,9177.23,685294362044
Dominican Republic,1984,Los Angeles,0,0,1,1,6341950,0.015768,0.015768,0.0,2865.09,18170248131
Zambia,1984,Los Angeles,0,0,1,1,6575403,0.0152082,0.0152082,0.0,1279.2,8411247401
Brazil,1984,Los Angeles,1,5,2,15,133380123,0.0059979,0.0112461,0.0007497,6890.25,919022859594
Peru,1984,Los Angeles,0,1,0,2,19020616,0.0052575,0.0105149,0.0,5578.5,106106444398
Cameroon,1984,Los Angeles,0,0,1,1,10218016,0.0097866,0.0097866,0.0,2575.35,26314962038
Colombia,1984,Los Angeles,0,1,0,2,29359535,0.003406,0.0068121,0.0,4470.55,131253273301
China,1984,Los Angeles,15,8,9,70,1040397958,0.0030757,0.0067282,0.0014418,1229.08,1278727499972
Turkey,1984,Los Angeles,0,0,3,3,48360679,0.0062034,0.0062034,0.0,4784.95,231403424224
Taiwan,1984,Los Angeles,0,0,1,1,19083000,0.0052403,0.0052403,0.0,9352.64,178476389993
Egypt,1984,Los Angeles,0,1,0,2,49453054,0.0020221,0.0040442,0.0,3767.06,186292832697
Thailand,1984,Los Angeles,0,1,0,2,51346204,0.0019476,0.0038951,0.0,2581.97,132574597450
Nigeria,1984,Los Angeles,0,1,1,3,83691577,0.0023897,0.0035846,0.0,1358.55,113699409127
Pakistan,1984,Los Angeles,1,0,0,3,92300277,0.0010834,0.0032503,0.0010834,1519.11,140213875342
Netherlands Antilles,1988,Seoul,0,1,0,2,187596,0.5330604,1.0661208,0.0,17486.37,3280372180
Suriname,1988,Seoul,1,0,0,3,393605,0.2540618,0.7621854,0.2540618,5930.97,2334459695
Bulgaria,1988,Seoul,10,12,13,67,8917563,0.3924839,0.7513263,0.1121383,8179.01,72936841780
New Zealand,1988,Seoul,3,2,8,21,3332798,0.3900626,0.6301012,0.0900145,18874.65,62905403497
Hungary,1988,Seoul,11,6,6,51,10429422,0.22053,0.4890012,0.1054708,13399.3,139746986562
Norway,1988,Seoul,2,3,0,12,4202325,0.1189818,0.2855562,0.0475927,30359.21,127579266517
Romania,1988,Seoul,7,11,6,49,23096515,0.1039118,0.2121532,0.0303076,9637.16,222584834224
Djibouti,1988,Seoul,0,0,1,1,500876,0.1996502,0.1996502,0.0,2742.92,1373864466
Sweden,1988,Seoul,0,4,7,15,8456561,0.1300765,0.1773771,0.0,24571.79,207792812154
Denmark,1988,Seoul,2,1,1,9,5122098,0.078093,0.1757093,0.0390465,24831.14,127187556712
Jamaica,1988,Seoul,0,2,0,4,2341957,0.0853987,0.1707973,0.0,6524.14,15279245943
South Korea,1988,Seoul,12,10,11,67,42089874,0.0784037,0.1591832,0.0285104,8440.73,355269385284
Australia,1988,Seoul,3,6,5,26,16596096,0.0843572,0.1566634,0.0180765,22508.19,373548095046
Finland,1988,Seoul,1,1,2,7,4951685,0.0807806,0.141366,0.0201951,22110.88,109486136090
Netherlands,1988,Seoul,2,2,5,15,14701901,0.0612166,0.1020276,0.0136037,23032.6,338622946885
Kenya,1988,Seoul,5,2,2,21,21894026,0.0411071,0.0959166,0.0228373,1396.42,30573306936
Switzerland,1988,Seoul,0,2,2,6,6571061,0.060873,0.0913095,0.0,30971.59,203516195581
United States,1988,Seoul,36,31,27,197,248381577,0.037845,0.0793135,0.0144938,32860.52,8161947702142
Britain,1988,Seoul,5,10,9,44,56902081,0.0421777,0.0773258,0.008787,22673.28,1290156577669
Costa Rica,1988,Seoul,0,1,0,2,2916566,0.0342869,0.0685738,0.0,5668.47,16532456688
Canada,1988,Seoul,3,2,5,18,26943398,0.0371148,0.0668067,0.0111345,27562.41,742625104798
Poland,1988,Seoul,2,5,9,25,37797656,0.0423307,0.0661417,0.0052913,9252.06,349706193636
France,1988,Seoul,6,4,6,32,56162822,0.0284886,0.0569772,0.0106832,23523.51,1321146877192
Italy,1988,Seoul,6,4,4,30,56824700,0.0246372,0.0527939,0.0105588,20293.85,1153191989649
Mongolia,1988,Seoul,0,0,1,1,2096653,0.0476951,0.0476951,0.0,2391.14,5013395333
Austria,1988,Seoul,1,0,0,3,7605095,0.0131491,0.0394472,0.0131491,24371.18,185345121595
Portugal,1988,Seoul,1,0,0,3,9930001,0.0100705,0.0302115,0.0100705,14008.38,139103241217
Senegal,1988,Seoul,0,1,0,2,6818495,0.014666,0.029332,0.0,1470.26,10024988054
Morocco,1988,Seoul,1,0,2,5,23827539,0.0125905,0.0209841,0.0041968,2963.85,70621337151
Japan,1988,Seoul,4,3,7,25,121434677,0.0115288,0.0205872,0.003294,23661.04,2873270330088
Belgium,1988,Seoul,0,0,2,2,9895654,0.0202109,0.0202109,0.0,23555.82,233100245429
Spain,1988,Seoul,1,1,2,7,38745231,0.0103239,0.0180667,0.002581,16553.14,641355397328
Chile,1988,Seoul,0,1,0,2,12733409,0.0078534,0.0157067,0.0,5850.79,74500446050
Greece,1988,Seoul,0,0,1,1,10045020,0.0099552,0.0099552,0.0,16414.35,164882507828
Peru,1988,Seoul,0,1,0,2,20797983,0.0048082,0.0096163,0.0,5714.65,118853292933
Turkey,1988,Seoul,1,1,0,5,52278499,0.0038257,0.0095642,0.0019128,5502.7,287672907878
Argentina,1988,Seoul,0,1,1,3,31729130,0.0063034,0.009455,0.0,8845.59,280662920840
Brazil,1988,Seoul,1,2,3,10,144470377,0.0041531,0.0069218,0.0006922,7657.32,1106256461802
China,1988,Seoul,5,11,12,49,1110339206,0.0025218,0.0044131,0.0004503,1611.38,1789173403996
Iran,1988,Seoul,0,1,0,2,51810746,0.0019301,0.0038602,0.0,5892.14,305276345166
Colombia,1988,Seoul,0,0,1,1,31913250,0.0031335,0.0031335,0.0,5046.81,161060195525
Mexico,1988,Seoul,0,0,2,2,81010093,0.0024688,0.0024688,0.0,8628.26,698975921029
Thailand,1988,Seoul,0,0,1,1,55370526,0.001806,0.001806,0.0,3330.33,184402273611
Philippines,1988,Seoul,0,0,1,1,58572071,0.0017073,0.0017073,0.0,2285.43,133862588607
Indonesia,1988,Seoul,0,1,0,2,178006800,0.0005618,0.0011236,0.0,1821.98,324325148280
Pakistan,1988,Seoul,0,0,1,1,105332464,0.0009494,0.0009494,0.0,1760.85,185474591108
Hungary,1992,Barcelona,11,12,7,64,10352695,0.2897796,0.6181965,0.1062525,10535.63,109072149028
Cuba,1992,Barcelona,14,6,11,65,10727088,0.288988,0.6059426,0.1305107,5592.84,59994929366
New Zealand,1992,Barcelona,1,4,5,16,3503125,0.2854594,0.4567351,0.0285459,18363.32,64329022674
Bahamas,1992,Barcelona,0,0,1,1,265761,0.3762779,0.3762779,0.0,19432.57,5164419053
Bulgaria,1992,Barcelona,3,7,6,29,8651284,0.1849436,0.3352104,0.0346769,6302.62,54525785310
Jamaica,1992,Barcelona,0,3,1,7,2398249,0.1667884,0.2918796,0.0,7404.92,17758850823
Australia,1992,Barcelona,7,9,11,50,17529469,0.1540263,0.285234,0.0399328,23424.77,410623723894
Namibia,1992,Barcelona,0,2,0,4,1512524,0.1322293,0.2644586,0.0,3804.54,5754455033
Estonia,1992,Barcelona,1,0,1,4,1527660,0.1309192,0.2618384,0.0654596,8245.73,12596674695
Sweden,1992,Barcelona,1,7,4,21,8678657,0.1382702,0.2419729,0.0115225,24343.14,211265772818
Suriname,1992,Barcelona,0,0,1,1,418828,0.2387615,0.2387615,0.0,5974.26,2502188891
Germany,1992,Barcelona,33,21,28,169,80282985,0.1021387,0.2105054,0.0411046,26505.3,2127924856633
Qatar,1992,Barcelona,0,0,1,1,488204,0.2048324,0.2048324,0.0,41781.68,20397981080
Latvia,1992,Barcelona,0,2,1,5,2612722,0.1148228,0.1913713,0.0,6151.51,16072198478
Finland,1992,Barcelona,1,2,2,9,5034766,0.0993095,0.1787571,0.0198619,20647.16,103953644275
Denmark,1992,Barcelona,1,1,4,9,5172040,0.1160084,0.1740126,0.0193347,25956.19,134246435718
Netherlands,1992,Barcelona,2,6,7,25,15102709,0.0993199,0.1655332,0.0132427,25713.88,388349273439
Ireland,1992,Barcelona,1,1,0,5,3549302,0.0563491,0.1408728,0.0281746,17558.82,62321539139
Spain,1992,Barcelona,13,7,2,55,39086335,0.0562857,0.1407141,0.0332597,18603.06,727125611664
Romania,1992,Barcelona,4,6,8,32,23077600,0.0779977,0.1386626,0.0173328,6598.41,152275464371
South Korea,1992,Barcelona,12,5,12,58,43729283,0.0663171,0.1326342,0.0274416,11145.53,487386010973
Canada,1992,Barcelona,7,4,7,36,28386162,0.0634112,0.1268224,0.0246599,26342.88,747773380088
Lithuania,1992,Barcelona,1,0,1,4,3689943,0.0542014,0.1084028,0.0271007,9743.51,35952999245
Slovenia,1992,Barcelona,0,0,2,2,1943919,0.1028849,0.1028849,0.0,14214.72,27632258078
Mongolia,1992,Barcelona,0,0,2,2,2251861,0.0888154,0.0888154,0.0,1785.4,4020477170
France,1992,Barcelona,8,5,16,50,57189616,0.0507085,0.0874285,0.0139886,25140.92,1437799421154
Croatia,1992,Barcelona,0,1,2,4,4588173,0.0653855,0.0871807,0.0,8447.79,38759944347
United States,1992,Barcelona,37,34,37,216,258275919,0.0418157,0.0836315,0.0143258,33589.59,8675383332010
North Korea,1992,Barcelona,4,0,5,17,20804249,0.0432604,0.0817141,0.0192268,3060.58,63672970667
Poland,1992,Barcelona,3,6,10,31,38247716,0.0496762,0.0810506,0.0078436,7738.88,295994532086
Kenya,1992,Barcelona,2,4,2,16,25042330,0.0319459,0.0638918,0.0079865,1341.92,33604846569
Italy,1992,Barcelona,6,5,8,36,56895154,0.0333948,0.0632743,0.0105457,22013.64,1252469714474
Israel,1992,Barcelona,0,1,1,3,4807603,0.0416008,0.0624012,0.0,18051.52,86784553897
Greece,1992,Barcelona,2,0,0,6,10351229,0.0193214,0.0579641,0.0193214,17213.67,178182608944
Britain,1992,Barcelona,5,3,12,33,57525459,0.0347672,0.0573659,0.0086918,22705.09,1306120869794
Austria,1992,Barcelona,0,2,0,4,7778255,0.0257127,0.0514254,0.0,27042.02,210339717004
Switzerland,1992,Barcelona,1,0,0,3,6814701,0.0146742,0.0440225,0.0146742,31871.53,217194949394
Belgium,1992,Barcelona,0,1,2,4,10004469,0.0299866,0.0399821,0.0,25575.57,255870004129
Norway,1992,Barcelona,2,4,1,15,43729283,0.0160076,0.034302,0.0045736,33135.04,1448971375944
Japan,1992,Barcelona,3,8,11,36,123177552,0.0178604,0.0292261,0.0024355,26824.9,3304224912723
Puerto Rico,1992,Barcelona,0,0,1,1,3597861,0.0277943,0.0277943,0.0,14641.59,52678395229
Morocco,1992,Barcelona,1,1,1,6,25679802,0.0116823,0.0233647,0.0038941,2948.05,75705269719
Turkey,1992,Barcelona,2,2,2,12,56012109,0.010712,0.0214239,0.0035707,5946.29,333064112021
Algeria,1992,Barcelona,1,0,1,4,26557969,0.0075307,0.0150614,0.0037653,5023.22,133406432002
South Africa,1992,Barcelona,0,2,0,4,38641823,0.0051757,0.0103515,0.0,7225.07,279189847444
Taiwan,1992,Barcelona,0,1,0,2,20687000,0.004834,0.0096679,0.0,15964.89,330265670845
Ethiopia,1992,Barcelona,1,0,2,5,51730288,0.0057993,0.0096655,0.0019331,421.35,21796736110
China,1992,Barcelona,16,22,16,108,1175230312,0.0045948,0.0091897,0.0013614,1877.41,2206392827709
Peru,1992,Barcelona,0,1,0,2,22553275,0.0044339,0.0088679,0.0,4446.38,100280451732
Iran,1992,Barcelona,0,1,2,4,57067645,0.0052569,0.0070092,0.0,7045.38,402063478666
Nigeria,1992,Barcelona,0,3,1,7,102444773,0.0039045,0.0068329,0.0,1619.85,165944982922
Ghana,1992,Barcelona,0,0,1,1,15655847,0.0063874,0.0063874,0.0,925.06,14482600237
Indonesia,1992,Barcelona,2,2,1,11,190512441,0.0026245,0.0057739,0.0010498,2383.14,454017989744
Malaysia,1992,Barcelona,0,0,1,1,19204087,0.0052072,0.0052072,0.0,7277.91,139765670633
Brazil,1992,Barcelona,2,1,0,8,154582103,0.0019407,0.0051752,0.0012938,6950.28,1074389365870
Argentina,1992,Barcelona,0,0,1,1,33540023,0.0029815,0.0029815,0.0,9308.42,312204577611
Colombia,1992,Barcelona,0,0,1,1,34497319,0.0028988,0.0028988,0.0,5444.65,187825780193
Mexico,1992,Barcelona,0,1,0,2,87523328,0.0011426,0.0022851,0.0,9472.38,829054597562
Thailand,1992,Barcelona,0,0,1,1,58225969,0.0017174,0.0017174,0.0,4616.9,268823275106
Philippines,1992,Barcelona,0,0,1,1,64659225,0.0015466,0.0015466,0.0,2279.32,147379324463
Pakistan,1992,Barcelona,0,0,1,1,118010303,0.0008474,0.0008474,0.0,1971.83,232696192471
Tonga,1996,Atlanta,0,1,0,2,96196,1.0395443,2.0790885,0.0,4540.02,436731995
Bahamas,1996,Atlanta,0,1,0,2,283677,0.3525136,0.7050272,0.0,20329.14,5766909421
Cuba,1996,Atlanta,9,8,8,51,10949206,0.2283271,0.4657872,0.0821977,5277.62,57785720993
Jamaica,1996,Atlanta,1,3,2,11,2484672,0.2414806,0.4427144,0.0402468,7316.26,18178501576
Hungary,1996,Atlanta,7,4,10,39,10313993,0.2036069,0.3781271,0.067869,11169.79,115205094383
New Zealand,1996,Atlanta,3,2,1,14,3717342,0.1614056,0.3766132,0.0807028,21064.07,78302337377
Australia,1996,Atlanta,9,9,23,68,18319637,0.2238036,0.3711864,0.0491276,26151.13,479079254000
Bulgaria,1996,Atlanta,3,7,5,28,8273011,0.1813125,0.3384499,0.0362625,6250.97,51714311096
Norway,1996,Atlanta,2,2,3,13,4385139,0.1596301,0.2964558,0.0456086,38794.59,170119671533
Denmark,1996,Atlanta,4,1,1,15,5255213,0.1141723,0.2854309,0.0761149,28655.63,150591455319
Ireland,1996,Atlanta,3,0,1,10,3638457,0.1099367,0.2748418,0.0824525,22144.69,80572519173
Switzerland,1996,Atlanta,4,3,0,18,7060963,0.0991366,0.2549227,0.0566495,31589.72,223053871005
Namibia,1996,Atlanta,0,2,0,4,1700975,0.1175796,0.2351592,0.0,3836.63,6526010407
Belarus,1996,Atlanta,1,6,8,23,10244354,0.1464221,0.2245139,0.0097615,4475.41,45847639302
Czech Republic,1996,Atlanta,4,3,4,22,10310016,0.1066924,0.2133847,0.0387972,16137.21,166374913870
Netherlands,1996,Atlanta,4,5,10,32,15517122,0.1224454,0.2062238,0.025778,28344.59,439826389004
Slovenia,1996,Atlanta,0,2,0,4,1971488,0.1014462,0.2028924,0.0,16392.55,32317706801
Greece,1996,Atlanta,4,4,0,20,10754641,0.0743865,0.1859662,0.0371932,17894.05,192444075738
Sweden,1996,Atlanta,2,4,2,16,8847421,0.0904218,0.1808437,0.0226055,24958.58,220819052283
Trinidad and Tobago,1996,Atlanta,0,0,2,2,1268851,0.1576229,0.1576229,0.0,8449.63,10721326913
Armenia,1996,Atlanta,1,1,0,5,3172185,0.063048,0.1576201,0.031524,1731.63,5493061106
Finland,1996,Atlanta,1,2,1,8,5125177,0.0780461,0.1560922,0.0195115,22402.5,114816758683
Romania,1996,Atlanta,4,7,9,35,22567385,0.0886235,0.1550911,0.0177247,7801.29,176054685299
Germany,1996,Atlanta,20,18,27,123,82200333,0.0790751,0.1496344,0.0243308,27336.47,2247066611352
Kazakhstan,1996,Atlanta,3,4,4,21,15712544,0.0700078,0.1336512,0.019093,4567.93,71773763957
Canada,1996,Atlanta,3,11,8,39,29582222,0.074369,0.1318359,0.0101412,28074.84,830516045756
France,1996,Atlanta,15,7,15,74,58057570,0.0637298,0.1274597,0.0258364,25717.2,1493078044359
Italy,1996,Atlanta,13,10,12,71,56938342,0.06147,0.1246963,0.0228317,23897.55,1360687083566
South Korea,1996,Atlanta,7,15,5,56,44949627,0.0600672,0.1245839,0.015573,14574.12,655101259481
Belgium,1996,Atlanta,2,2,2,12,10098192,0.0594166,0.1188332,0.0198055,26725.5,269879213845
Slovakia,1996,Atlanta,1,1,1,6,5380807,0.0557537,0.1115074,0.0185846,11482.63,61785802662
Croatia,1996,Atlanta,1,1,0,5,4656706,0.0429488,0.107372,0.0214744,9176.84,42733868704
Poland,1996,Atlanta,7,5,5,36,38398942,0.0442721,0.0937526,0.0182297,9518.9,365515802706
Russia,1996,Atlanta,26,21,16,136,148456965,0.0424365,0.091609,0.0175135,7577.53,1124937446663
Ukraine,1996,Atlanta,9,2,12,43,50773323,0.0452994,0.0846901,0.0177258,3548.69,180178760440
Costa Rica,1996,Atlanta,1,0,0,3,3557095,0.0281128,0.0843385,0.0281128,6444.68,22924348765
Spain,1996,Atlanta,5,6,6,33,39519508,0.0430167,0.0835031,0.012652,19709.87,778924410232
United States,1996,Atlanta,44,32,25,221,269393632,0.0374916,0.0820361,0.016333,35807.0,9646176916007
Latvia,1996,Atlanta,0,1,0,2,2462617,0.0406072,0.0812144,0.0,6488.44,15978547773
Moldova,1996,Atlanta,0,1,1,3,4307683,0.0464287,0.069643,0.0,1797.92,7744890916
Austria,1996,Atlanta,0,1,2,4,7960464,0.0376862,0.0502483,0.0,28602.35,227687997736
Kenya,1996,Atlanta,1,4,3,14,28191597,0.0283773,0.0496602,0.0035472,1361.07,38370608140
Burundi,1996,Atlanta,1,0,0,3,6140258,0.016286,0.0488579,0.016286,462.85,2841999764
Hong Kong,1996,Atlanta,1,0,0,3,6268283,0.0159533,0.04786,0.0159533,27448.74,172056468447
North Korea,1996,Atlanta,2,1,2,10,22038893,0.0226872,0.0453743,0.0090749,1808.77,39863300868
Mongolia,1996,Atlanta,0,0,1,1,2325369,0.0430039,0.0430039,0.0,1841.2,4281473852
Britain,1996,Atlanta,1,8,6,25,58156871,0.0257923,0.0429872,0.0017195,25328.77,1473042077208
Georgia,1996,Atlanta,0,0,2,2,4992336,0.0400614,0.0400614,0.0,1861.57,9293575711
Portugal,1996,Atlanta,1,0,1,4,10169044,0.0196675,0.0393351,0.0098338,17027.45,173152852337
South Africa,1996,Atlanta,3,1,1,12,42175740,0.0118552,0.0284524,0.0071131,7454.42,314395534556
Lithuania,1996,Atlanta,0,0,1,1,3604044,0.0277466,0.0277466,0.0,8182.69,29490772153
Puerto Rico,1996,Atlanta,0,0,1,1,3732293,0.0267932,0.0267932,0.0,16594.09,61934007477
Ecuador,1996,Atlanta,1,0,0,3,11584074,0.0086325,0.0258976,0.0086325,7331.53,84928967914
Azerbaijan,1996,Atlanta,0,1,0,2,7845310,0.0127465,0.0254929,0.0,1843.19,14460392912
Turkey,1996,Atlanta,4,1,1,15,59821978,0.0100298,0.0250744,0.0066865,6432.18,384785788303
Algeria,1996,Atlanta,2,0,1,7,28786855,0.0104214,0.0243167,0.0069476,4824.21,138873905015
Zambia,1996,Atlanta,0,1,0,2,9161931,0.0109147,0.0218295,0.0,1060.55,9716730623
Japan,1996,Atlanta,3,6,5,26,124814986,0.0112166,0.0208308,0.0024036,28385.16,3542893156991
Syria,1996,Atlanta,1,0,0,3,14518843,0.0068876,0.0206628,0.0068876,4066.08,59034733795
Israel,1996,Atlanta,0,0,1,1,5486774,0.0182256,0.0182256,0.0,20644.52,113271822646
Brazil,1996,Atlanta,3,3,9,24,164342524,0.0091273,0.0146036,0.0018255,7810.2,1283548146588
Argentina,1996,Atlanta,0,2,1,5,35287113,0.0085017,0.0141695,0.0,10245.38,361529981020
Malaysia,1996,Atlanta,0,1,1,3,21247102,0.009413,0.0141196,0.0,9644.79,204923911472
Uzbekistan,1996,Atlanta,0,1,1,3,23347452,0.0085662,0.0128494,0.0,1461.98,34133410105
Ethiopia,1996,Atlanta,2,0,1,7,58774378,0.0051043,0.01191,0.0034028,512.79,30138728817
Tunisia,1996,Atlanta,0,0,1,1,9053410,0.0110456,0.0110456,0.0,4691.19,42471271055
Iran,1996,Atlanta,1,1,1,6,60815686,0.0049329,0.0098659,0.0016443,7835.29,476508317392
Nigeria,1996,Atlanta,2,1,3,11,112618306,0.0053277,0.0097675,0.0017759,1619.42,182376342520
Taiwan,1996,Atlanta,0,1,0,2,21458000,0.0046603,0.0093205,0.0,19754.06,423882633651
China,1996,Atlanta,16,22,12,104,1226134423,0.0040779,0.0084819,0.0013049,2546.44,3122277587022
Morocco,1996,Atlanta,0,0,2,2,27323664,0.0073197,0.0073197,0.0,3112.23,85037477268
Thailand,1996,Atlanta,1,0,1,4,60258113,0.0033191,0.0066381,0.0016595,6001.24,361623277733
Mozambique,1996,Atlanta,0,0,1,1,16412893,0.0060928,0.0060928,0.0,435.93,7154821787
Uganda,1996,Atlanta,0,0,1,1,21473592,0.0046569,0.0046569,0.0,799.01,17157586210
Indonesia,1996,Atlanta,1,1,2,7,202257039,0.0019777,0.0034609,0.0004944,3026.82,612195455595
Philippines,1996,Atlanta,0,1,0,2,70831419,0.0014118,0.0028236,0.0,2464.68,174577030391
Mexico,1996,Atlanta,0,0,1,1,93858373,0.0010654,0.0010654,0.0,9274.7,870508139415
India,1996,Atlanta,0,0,1,1,982553253,0.0001018,0.0001018,0.0,1433.42,1408409486477
Bahamas,2000,Sydney,1,1,0,5,297651,0.6719279,1.6798197,0.3359639,22728.41,6765133446
Australia,2000,Sydney,16,25,17,115,19164351,0.3026453,0.6000725,0.0834883,29241.51,560394647616
Cuba,2000,Sydney,11,11,7,62,11104313,0.2611598,0.5583416,0.0990606,6115.59,67909469314
Norway,2000,Sydney,4,3,3,21,4490859,0.2226745,0.4676166,0.0890698,43174.48,193890507315
Jamaica,2000,Sydney,0,4,3,11,2581648,0.2711446,0.4260844,0.0,6934.03,17901220753
Hungary,2000,Sydney,8,6,3,39,10210545,0.1664945,0.3819581,0.0783504,13592.35,138785310183
Barbados,2000,Sydney,0,0,1,1,267511,0.3738164,0.3738164,0.0,14982.12,4007882689
Netherlands,2000,Sydney,12,9,4,58,15862825,0.1576012,0.3656347,0.0756486,33000.17,523475953542
Estonia,2000,Sydney,1,0,2,5,1370749,0.2188584,0.3647641,0.0729528,11244.49,15413368264
Bulgaria,2000,Sydney,5,6,2,29,8006158,0.162375,0.3622212,0.0624519,6907.01,55298643163
Iceland,2000,Sydney,0,0,1,1,281210,0.3556061,0.3556061,0.0,31092.03,8743388474
Slovenia,2000,Sydney,2,0,0,6,1985406,0.1007351,0.3022052,0.1007351,19399.69,38516259805
Sweden,2000,Sydney,4,5,3,25,8860153,0.1354378,0.2821622,0.0451459,28658.8,253921393062
Belarus,2000,Sydney,3,3,11,26,10057810,0.1690229,0.2585056,0.0298276,5936.24,59705552102
Lithuania,2000,Sydney,2,0,3,9,3500028,0.142856,0.2571408,0.0571424,9631.65,33711055134
Latvia,2000,Sydney,1,1,1,6,2384972,0.1257876,0.2515753,0.0419292,8649.22,20628158031
Greece,2000,Sydney,4,6,3,27,10986883,0.1183229,0.2457476,0.0364071,20675.21,227156106067
Denmark,2000,Sydney,2,3,1,13,5339501,0.1123701,0.2434684,0.0374567,31805.54,169825687594
Romania,2000,Sydney,11,6,8,53,22191683,0.1126548,0.2388282,0.0495681,7089.83,157335264572
Switzerland,2000,Sydney,1,6,2,17,7167908,0.1255596,0.2371682,0.0139511,34386.9,246482153399
Trinidad and Tobago,2000,Sydney,0,1,1,3,1292058,0.1547918,0.2321877,0.0,10496.91,13562611206
Slovakia,2000,Sydney,1,3,1,10,5404845,0.0925096,0.1850192,0.0185019,12689.76,68586184480
Finland,2000,Sydney,2,1,1,9,5173370,0.077319,0.1739678,0.0386595,27171.97,140570634337
Qatar,2000,Sydney,0,0,1,1,590957,0.169217,0.169217,0.0,60394.43,35690512616
New Zealand,2000,Sydney,1,0,3,6,3858032,0.1036798,0.1555197,0.02592,21895.16,84472212410
Czech Republic,2000,Sydney,2,3,3,15,10242890,0.078103,0.146443,0.0195257,16823.24,172318573726
France,2000,Sydney,13,14,11,78,59047795,0.0643546,0.1320964,0.0220161,28636.15,1690901772473
Georgia,2000,Sydney,0,0,6,6,4745765,0.1264285,0.1264285,0.0,2332.22,11068182069
Russia,2000,Sydney,32,28,28,180,146757517,0.0599629,0.1226513,0.0218047,8608.4,1263347006862
Germany,2000,Sydney,13,17,26,99,82349027,0.0680032,0.12022,0.0157865,29726.88,2447979541961
Italy,2000,Sydney,13,8,13,68,56986329,0.0596634,0.1193269,0.0228125,27160.47,1547775389846
South Korea,2000,Sydney,8,10,10,54,45987624,0.0608859,0.1174229,0.017396,16995.92,781601867339
Kazakhstan,2000,Sydney,3,4,0,17,14956694,0.0468018,0.1136615,0.0200579,5366.02,80257987196
Britain,2000,Sydney,11,10,7,60,58874117,0.0475591,0.1019124,0.0186839,28644.71,1686432151925
Austria,2000,Sydney,2,1,0,8,8004712,0.0374779,0.0999411,0.0249853,32008.5,256218861353
Croatia,2000,Sydney,1,0,1,4,4505533,0.0443899,0.0887797,0.0221949,10582.67,47680560656
Azerbaijan,2000,Sydney,2,0,1,7,8110723,0.0369881,0.0863055,0.0246587,2533.17,20545841429
Poland,2000,Sydney,6,5,3,31,38302444,0.0365512,0.0809348,0.0156648,11680.79,447402843769
Ukraine,2000,Sydney,3,10,10,39,48891792,0.0470427,0.079768,0.006136,3700.35,180916787656
Canada,2000,Sydney,3,3,8,23,30667365,0.0456511,0.0749983,0.0097824,32448.61,995113294152
Moldova,2000,Sydney,0,1,1,3,4106736,0.0487005,0.0730507,0.0,1692.09,6948984074
Belgium,2000,Sydney,0,2,3,7,10175684,0.0491367,0.0687914,0.0,29940.2,304662061912
United States,2000,Sydney,36,24,31,187,282496310,0.0322128,0.0661956,0.0127435,39758.5,11231629288746
Uruguay,2000,Sydney,0,1,0,2,3319066,0.030129,0.0602579,0.0,9092.32,30178002694
Ireland,2000,Sydney,0,1,0,2,3803780,0.0262896,0.0525793,0.0,30827.98,117262841740
Kuwait,2000,Sydney,0,0,1,1,1940786,0.0515255,0.0515255,0.0,36397.96,70640651042
Costa Rica,2000,Sydney,0,0,2,2,3919180,0.0510311,0.0510311,0.0,7672.85,30071268312
Macedonia,2000,Sydney,0,0,1,1,2009091,0.0497738,0.0497738,0.0,6975.62,14014648123
Spain,2000,Sydney,3,3,5,20,40288457,0.0273031,0.049642,0.0074463,23410.16,943159419136
Kenya,2000,Sydney,2,3,2,14,31253701,0.0223973,0.0447947,0.0063992,1318.49,41207688200
Armenia,2000,Sydney,0,0,1,1,3076098,0.0325087,0.0325087,0.0,2114.06,6503046123
Japan,2000,Sydney,5,8,5,36,125720310,0.0143175,0.028635,0.0039771,28559.6,3590521785094
Uzbekistan,2000,Sydney,1,1,2,7,24775610,0.0161449,0.0282536,0.0040362,1635.22,40513458543
Taiwan,2000,Sydney,0,1,4,6,22183000,0.0225398,0.0270477,0.0,23525.5,521866153287
Algeria,2000,Sydney,1,1,3,8,30533827,0.0163753,0.0262004,0.0032751,5098.85,155687512632
Ethiopia,2000,Sydney,4,1,3,17,65577897,0.0121992,0.0259234,0.0060996,512.36,33599590125
North Korea,2000,Sydney,0,1,3,5,22894095,0.0174718,0.0218397,0.0,1689.94,38689699426
Morocco,2000,Sydney,0,1,4,6,28793236,0.0173652,0.0208382,0.0,3073.43,88493896765
Turkey,2000,Sydney,3,2,0,13,63627862,0.0078582,0.0204313,0.0047149,6803.29,432878595035
Kyrgyzstan,2000,Sydney,0,0,1,1,4954850,0.0201822,0.0201822,0.0,1527.82,7570130366
Portugal,2000,Sydney,0,0,2,2,10336209,0.0193495,0.0193495,0.0,19609.73,202690305937
Cameroon,2000,Sydney,1,0,0,3,15678269,0.0063783,0.0191348,0.0063783,1803.44,28274767319
Israel,2000,Sydney,0,0,1,1,6014953,0.0166252,0.0166252,0.0,22834.93,137351020741
Mozambique,2000,Sydney,1,0,0,3,18200656,0.0054943,0.0164829,0.0054943,542.81,9879468754
Argentina,2000,Sydney,0,2,2,6,36930709,0.0108311,0.0162466,0.0,10571.36,390407953737
South Africa,2000,Sydney,0,2,3,7,44760380,0.0111706,0.0156388,0.0,7454.45,333663822955
Iran,2000,Sydney,3,0,1,10,65342319,0.0061216,0.015304,0.0045912,8600.73,561991888003
Saudi Arabia,2000,Sydney,0,1,1,3,20045276,0.0099774,0.0149661,0.0,20001.87,400943070105
China,2000,Sydney,28,16,15,131,1269116737,0.0046489,0.0103221,0.0022063,3012.12,3822736947333
Brazil,2000,Sydney,0,6,6,18,174425387,0.0068797,0.0103196,0.0,8056.06,1405181542818
Mexico,2000,Sydney,1,2,3,10,99959594,0.0060024,0.010004,0.0010004,10894.51,1089011243988
Thailand,2000,Sydney,1,0,2,5,63155029,0.0047502,0.007917,0.0015834,5578.4,352304196783
Colombia,2000,Sydney,1,0,0,3,39764166,0.0025148,0.0075445,0.0025148,5749.55,228626140633
Chile,2000,Sydney,0,0,1,1,15419820,0.0064852,0.0064852,0.0,10435.17,160908509155
Sri Lanka,2000,Sydney,0,0,1,1,18745084,0.0053347,0.0053347,0.0,2997.69,56191937639
Indonesia,2000,Sydney,1,3,2,11,213395411,0.0028117,0.0051548,0.0004686,2714.94,579356570242
Nigeria,2000,Sydney,0,3,0,6,123688536,0.0024254,0.0048509,0.0,1619.12,200266057879
Vietnam,2000,Sydney,0,1,0,2,78758010,0.0012697,0.0025394,0.0,1577.53,124243263469
India,2000,Sydney,0,0,1,1,1053898107,9.49e-05,9.49e-05,0.0,1648.21,1737044112790
Bahamas,2004,Athens,1,0,1,4,314739,0.6354471,1.2708943,0.3177236,22747.53,7159536286
Australia,2004,Athens,17,16,16,99,20103822,0.2437347,0.4924437,0.084561,32098.51,645302654103
Cuba,2004,Athens,9,7,11,52,11234970,0.2403211,0.4628406,0.080107,6877.99,77273967013
Hungary,2004,Athens,8,6,3,39,10110393,0.1681438,0.3857417,0.0791265,16291.2,164710413719
Jamaica,2004,Athens,2,1,2,10,2664897,0.1876245,0.375249,0.0750498,7093.44,18903297188
Norway,2004,Athens,5,0,1,16,4587046,0.1308031,0.3488084,0.1090026,46387.25,212780442792
Latvia,2004,Athens,0,4,0,8,2319229,0.1724711,0.3449422,0.0,11888.05,27571120197
New Zealand,2004,Athens,3,2,0,13,4079130,0.1225752,0.3186954,0.0735451,24339.44,99283758294
Greece,2004,Athens,6,6,4,34,11147261,0.143533,0.3050077,0.0538249,24587.16,274079497812
Estonia,2004,Athens,0,1,2,4,1348449,0.2224778,0.2966371,0.0,15014.22,20245905916
Belarus,2004,Athens,2,6,7,25,9872110,0.1519432,0.2532387,0.0202591,7806.72,77068842472
Slovenia,2004,Athens,0,1,3,5,1997959,0.2002043,0.2502554,0.0,22113.22,44181309464
Netherlands,2004,Athens,4,9,9,39,16225091,0.1355925,0.2403685,0.0246532,34181.87,554603970841
Denmark,2004,Athens,2,0,6,12,5400280,0.1481405,0.2222107,0.0370351,32694.6,176560002427
Slovakia,2004,Athens,2,2,2,12,5411339,0.1108783,0.2217566,0.0369594,14977.87,81050307856
Georgia,2004,Athens,2,2,0,10,4519607,0.0885033,0.2212582,0.0442516,3167.15,14314293714
Bulgaria,2004,Athens,2,1,9,17,7789180,0.1540599,0.2182515,0.0256766,8721.23,67931214930
Lithuania,2004,Athens,1,2,0,7,3432060,0.0874111,0.2039591,0.029137,13049.48,44786591993
Croatia,2004,Athens,1,2,2,9,4449522,0.1123716,0.2022689,0.0224743,12490.93,55578686885
Sweden,2004,Athens,4,2,1,17,8977965,0.0779687,0.1893525,0.0445535,31073.77,278979223189
Austria,2004,Athens,2,4,1,15,8185553,0.0855165,0.1832497,0.0244333,33455.69,273853356610
Romania,2004,Athens,8,5,6,40,21845264,0.0869754,0.183106,0.0366212,8994.49,196487004649
South Korea,2004,Athens,9,12,9,60,46830699,0.0640605,0.1281211,0.0192182,20442.74,957347843581
Czech Republic,2004,Athens,1,3,4,13,10201665,0.0784186,0.1274302,0.0098023,19061.07,194454631244
Russia,2004,Athens,27,27,38,173,144306982,0.063753,0.1198833,0.0187101,11104.68,1602483182580
Germany,2004,Athens,13,16,20,91,82524343,0.0593764,0.1102705,0.0157529,30260.66,2497241200517
Switzerland,2004,Athens,1,1,3,8,7361231,0.0679234,0.1086775,0.0135847,34864.09,256642637551
Italy,2004,Athens,10,11,11,63,58263782,0.0549226,0.1081289,0.0171633,27887.57,1624835499873
France,2004,Athens,11,9,13,64,60596691,0.0544584,0.1056163,0.0181528,29505.88,1787958696460
Ukraine,2004,Athens,9,5,9,46,47275250,0.0486512,0.0973025,0.0190374,5400.28,255299820576
Britain,2004,Athens,9,9,12,57,59891788,0.0500903,0.0951716,0.0150271,31097.52,1862486189211
Kazakhstan,2004,Athens,1,4,3,14,15053492,0.0531438,0.0930017,0.006643,7930.09,119375471920
Spain,2004,Athens,3,11,5,36,42732092,0.0444631,0.0842458,0.0070205,26357.05,1126291812577
Azerbaijan,2004,Athens,1,0,4,7,8479668,0.0589646,0.0825504,0.0117929,3760.11,31884446935
United Arab Emirates,2004,Athens,1,0,0,3,3658042,0.027337,0.0820111,0.027337,32181.94,117722886700
Finland,2004,Athens,0,2,0,4,5226067,0.0382697,0.0765394,0.0,29651.4,154960226543
Trinidad and Tobago,2004,Athens,0,0,1,1,1310622,0.0762997,0.0762997,0.0,13978.56,18320612811
Canada,2004,Athens,3,6,3,24,31943605,0.0375662,0.0751324,0.0093916,34346.97,1097165899277
United States,2004,Athens,36,39,27,213,294063120,0.0346864,0.0724334,0.0122423,40956.4,12043767161888
Israel,2004,Athens,1,0,1,4,6471236,0.030906,0.061812,0.015453,22930.28,148387239905
Japan,2004,Athens,16,9,12,78,126299414,0.0292955,0.061758,0.0126683,29742.05,3756402997348
Taiwan,2004,Athens,2,2,1,11,22622000,0.0221024,0.0486252,0.008841,25332.32,573067644908
Belgium,2004,Athens,1,0,2,5,10356993,0.0289659,0.0482766,0.0096553,31600.02,327281154811
Zimbabwe,2004,Athens,1,1,1,6,12597877,0.0238135,0.0476271,0.0079378,571.74,7202748730
Portugal,2004,Athens,0,2,1,5,10506253,0.0285544,0.0475907,0.0,19942.44,209520357671
Poland,2004,Athens,3,2,5,18,38175134,0.0261951,0.0471511,0.0078585,13146.01,501850573313
Chile,2004,Athens,2,0,1,7,16132209,0.0185963,0.0433915,0.0123976,11649.71,187935610804
Mongolia,2004,Athens,0,0,1,1,2514462,0.0397699,0.0397699,0.0,2487.43,6254554816
Uzbekistan,2004,Athens,2,1,2,10,25708188,0.0194491,0.0388981,0.0077796,1876.6,48244018347
North Korea,2004,Athens,0,4,1,9,23597383,0.0211888,0.0381398,0.0,1611.77,38033656280
Kenya,2004,Athens,1,4,2,13,34702176,0.0201716,0.0374616,0.0028817,1317.47,45719183387
Paraguay,2004,Athens,0,1,0,2,5786836,0.0172806,0.0345612,0.0,3885.94,22487279077
Dominican Republic,2004,Athens,1,0,0,3,9129965,0.0109529,0.0328588,0.0109529,4838.66,44176779694
Hong Kong,2004,Athens,0,1,0,2,6807752,0.0146891,0.0293783,0.0,33401.64,227390104359
Turkey,2004,Athens,3,3,4,19,67235927,0.014873,0.0282587,0.0044619,7357.12,494662607970
Morocco,2004,Athens,2,1,0,8,30082152,0.0099727,0.0265938,0.0066485,3519.46,105872825236
Argentina,2004,Athens,2,0,4,10,38340778,0.0156491,0.0260819,0.0052164,10232.1,392306553634
South Africa,2004,Athens,1,3,2,11,47226670,0.0127047,0.0232919,0.0021174,8154.74,385121170820
Eritrea,2004,Athens,0,0,1,1,4318343,0.023157,0.023157,0.0,694.36,2998466393
Thailand,2004,Athens,3,1,4,15,66060383,0.0121101,0.0227065,0.0045413,6620.03,437321952295
Ethiopia,2004,Athens,2,3,2,14,72526620,0.0096516,0.0193033,0.0027576,549.6,39860964999
Cameroon,2004,Athens,1,0,0,3,17165267,0.0058257,0.0174772,0.0058257,1997.11,34280950390
Iran,2004,Athens,2,2,2,12,68893323,0.0087091,0.0174182,0.002903,10298.35,709487403598
Brazil,2004,Athens,5,2,3,22,183873377,0.0054385,0.0119648,0.0027193,8461.5,1555844334688
China,2004,Athens,32,17,14,144,1300552134,0.0048441,0.0110722,0.0024605,4551.13,5918976689186
Egypt,2004,Athens,1,1,3,8,72844998,0.0068639,0.0109822,0.0013728,4919.7,358375205748
Venezuela,2004,Athens,0,0,2,2,26199994,0.0076336,0.0076336,0.0,9121.43,238981420370
Mexico,2004,Athens,0,3,1,7,105175967,0.0038032,0.0066555,0.0,11118.69,1169418946816
Syria,2004,Athens,0,0,1,1,18004797,0.0055541,0.0055541,0.0,3994.7,71923846534
Colombia,2004,Athens,0,0,2,2,42385712,0.0047186,0.0047186,0.0,6080.32,257718880994
Indonesia,2004,Athens,1,1,2,7,224606531,0.0017809,0.0031166,0.0004452,3095.79,695334858801
Nigeria,2004,Athens,0,0,2,2,136399438,0.0014663,0.0014663,0.0,1807.34,246519705948
India,2004,Athens,0,1,0,2,1122991192,8.9e-05,0.0001781,0.0,1981.02,2224669877861
Jamaica,2008,Beijing,6,3,2,26,2720282,0.4043698,0.9557833,0.2205654,7261.39,19753029020
Bahamas,2008,Beijing,0,1,1,3,333661,0.5994108,0.8991162,0.0,22828.22,7616886540
Iceland,2008,Beijing,0,1,0,2,310666,0.3218891,0.6437782,0.0,37782.95,11737879289
Slovenia,2008,Beijing,1,2,2,9,2018172,0.247749,0.4459481,0.0495498,26779.28,54045193072
Norway,2008,Beijing,3,5,2,21,4778959,0.2092506,0.4394262,0.0627752,49221.16,235225898161
Australia,2008,Beijing,14,15,17,89,21513817,0.2138161,0.4136876,0.0650745,34239.63,736625193726
Mongolia,2008,Beijing,2,2,0,10,2667474,0.1499546,0.3748865,0.0749773,3306.55,8820127805
New Zealand,2008,Beijing,3,1,5,16,4277809,0.2103881,0.3740232,0.0701294,24656.53,105475945218
Estonia,2008,Beijing,1,1,0,5,1342145,0.1490152,0.372538,0.0745076,18993.59,25492145609
Cuba,2008,Beijing,2,11,11,39,11266905,0.2130132,0.3461465,0.0177511,9277.96,104533914272
Belarus,2008,Beijing,4,5,10,32,9680690,0.196267,0.330555,0.0413194,11322.27,109607423764
Trinidad and Tobago,2008,Beijing,0,2,0,4,1331040,0.1502584,0.3005169,0.0,18511.09,24639006772
Bahrain,2008,Beijing,1,0,0,3,1052359,0.0950246,0.2850738,0.0950246,31391.38,33035005670
Georgia,2008,Beijing,3,0,3,12,4394018,0.1365493,0.2730986,0.0682746,4345.66,19094928376
Latvia,2008,Beijing,1,1,1,6,2271198,0.1320889,0.2641778,0.0440296,15816.36,35922083531
Slovakia,2008,Beijing,3,2,1,14,5441304,0.1102677,0.2572913,0.0551338,20143.88,109609001597
Denmark,2008,Beijing,2,2,3,13,5497312,0.127335,0.2364792,0.0363814,34636.39,190407065478
Netherlands,2008,Beijing,7,5,4,35,16503263,0.0969505,0.2120793,0.0424159,37069.42,611766447399
Hungary,2008,Beijing,3,5,2,21,10021886,0.0997816,0.2095414,0.0299345,18068.58,181081268328
Lithuania,2008,Beijing,0,2,3,7,3359799,0.1488184,0.2083458,0.0,17432.25,58568863161
Armenia,2008,Beijing,0,0,6,6,3079087,0.194863,0.194863,0.0,5338.64,16438149104
Britain,2008,Beijing,19,13,15,98,61270318,0.0767092,0.1599469,0.0310101,32875.34,2014282811818
Croatia,2008,Beijing,0,2,3,7,4418387,0.1131635,0.1584289,0.0,14981.18,66192633295
Czech Republic,2008,Beijing,3,3,0,15,10377359,0.0578182,0.1445454,0.0289091,23121.35,239938597491
South Korea,2008,Beijing,13,10,8,67,47733951,0.0649433,0.1403613,0.0272343,23902.77,1140973809045
Kazakhstan,2008,Beijing,2,4,7,21,15655345,0.0830387,0.1341395,0.0127752,10500.47,164388550517
Switzerland,2008,Beijing,2,0,4,10,7573204,0.0792267,0.1320445,0.0264089,38623.13,292500832222
Finland,2008,Beijing,1,1,2,7,5316334,0.0752398,0.1316697,0.01881,33339.32,177242978794
Azerbaijan,2008,Beijing,1,2,4,11,8943600,0.0782683,0.122993,0.0111812,8381.63,74961986599
France,2008,Beijing,7,16,17,70,62098413,0.0644139,0.1127243,0.0112724,30598.37,1900110108928
Bulgaria,2008,Beijing,1,1,3,8,7591322,0.0658647,0.1053835,0.0131729,11357.63,86219393125
Germany,2008,Beijing,16,10,15,83,82475271,0.0497119,0.1006362,0.0193998,32785.53,2703995073713
Ukraine,2008,Beijing,7,5,15,46,45991584,0.0587064,0.1000183,0.0152202,6716.38,308897161934
Canada,2008,Beijing,3,9,6,33,33327954,0.0540087,0.099016,0.0090015,35950.08,1198142474869
Sweden,2008,Beijing,0,4,1,9,9236872,0.0541309,0.0974356,0.0,33633.96,310672577904
Russia,2008,Beijing,23,21,28,139,143163100,0.0502923,0.0970921,0.0160656,14730.02,2108794720212
Ireland,2008,Beijing,0,1,2,4,4352866,0.0689201,0.0918935,0.0,38533.88,167732802547
Italy,2008,Beijing,8,10,10,54,59891479,0.0467512,0.0901631,0.0133575,27753.8,1662216205158
Panama,2008,Beijing,1,0,0,3,3406487,0.0293558,0.0880673,0.0293558,10733.83,36564644802
Spain,2008,Beijing,5,10,3,38,45146258,0.0398704,0.0841709,0.0110751,28159.21,1271282961919
Romania,2008,Beijing,4,1,3,17,21589544,0.037055,0.0787418,0.0185275,11662.14,251780284465
Mauritius,2008,Beijing,0,0,1,1,1283849,0.0778908,0.0778908,0.0,11330.3,14546391691
Kenya,2008,Beijing,5,5,4,29,38455418,0.0364058,0.075412,0.0130021,1488.42,57237791028
Zimbabwe,2008,Beijing,1,3,0,9,12451543,0.0321245,0.0722802,0.0080311,426.62,5312015304
United States,2008,Beijing,36,38,36,220,304989064,0.0360669,0.0721337,0.0118037,42656.49,13009763785463
Kyrgyzstan,2008,Beijing,0,1,1,3,5204104,0.0384312,0.0576468,0.0,2027.65,10552096614
Poland,2008,Beijing,3,6,1,22,38218462,0.0261654,0.0575638,0.0078496,16185.04,618567261950
Greece,2008,Beijing,0,2,2,6,11291807,0.0354239,0.0531359,0.0,28242.04,318903650858
Dominican Republic,2008,Beijing,1,1,0,5,9664948,0.0206933,0.0517333,0.0103467,6261.83,60520307696
Austria,2008,Beijing,0,1,2,4,8341806,0.0359634,0.0479512,0.0,37032.76,308920089018
Belgium,2008,Beijing,1,1,0,5,10602167,0.0188641,0.0471602,0.009432,33490.47,355071513497
Portugal,2008,Beijing,1,1,0,5,10634612,0.0188065,0.0470163,0.0094033,20496.24,217969538455
North Korea,2008,Beijing,2,1,3,11,24126329,0.0248691,0.0455933,0.0082897,1581.77,38162371581
Tajikistan,2008,Beijing,0,1,1,3,6691416,0.029889,0.0448336,0.0,1727.33,11558304448
Singapore,2008,Beijing,0,1,0,2,4772216,0.0209546,0.0419093,0.0,45196.46,215687271905
Serbia,2008,Beijing,0,1,2,4,9841360,0.0304836,0.0406448,0.0,10301.22,101377980157
Japan,2008,Beijing,9,6,10,49,126544640,0.0197559,0.0387215,0.0071121,31275.13,3957700667358
Uzbekistan,2008,Beijing,1,2,3,10,26811974,0.0223781,0.0372968,0.0037297,2424.23,64998424334
Tunisia,2008,Beijing,1,0,0,3,10247325,0.0097586,0.0292759,0.0097586,7356.75,75386963292
Moldova,2008,Beijing,0,0,1,1,3635059,0.0275099,0.0275099,0.0,2769.37,10066824591
Argentina,2008,Beijing,2,0,4,10,39714298,0.0151079,0.0251798,0.005036,13515.18,536745746257
Ethiopia,2008,Beijing,4,1,2,16,79446419,0.008811,0.0201394,0.0050348,757.88,60210694846
Turkey,2008,Beijing,1,4,3,14,70923730,0.0112797,0.0197395,0.00141,8547.69,606233889514
Taiwan,2008,Beijing,0,0,4,4,22921000,0.0174512,0.0174512,0.0,29004.36,664808987651
Togo,2008,Beijing,0,0,1,1,5776837,0.0173105,0.0173105,0.0,888.41,5132218797
China,2008,Beijing,51,21,28,223,1328275524,0.0075286,0.0167887,0.0038396,6679.2,8871822144270
Cameroon,2008,Beijing,1,0,0,3,18758778,0.0053308,0.0159925,0.0053308,2013.83,37776935443
Thailand,2008,Beijing,2,2,0,10,68267982,0.0058593,0.0146482,0.0029296,7623.6,520448005618
Ecuador,2008,Beijing,0,1,0,2,14056740,0.007114,0.0142281,0.0,7108.36,99920377884
Israel,2008,Beijing,0,0,1,1,7092324,0.0140998,0.0140998,0.0,25839.31,183260737195
Brazil,2008,Beijing,3,4,8,25,191543237,0.0078311,0.0130519,0.0015662,9682.0,1854522255223
Chile,2008,Beijing,0,1,0,2,16795593,0.0059539,0.0119079,0.0,13474.41,226310772180
Morocco,2008,Beijing,0,1,1,3,31321453,0.0063854,0.0095781,0.0,3990.75,124996176365
Algeria,2008,Beijing,0,1,1,3,34428028,0.0058092,0.0087138,0.0,6175.1,212596470232
Malaysia,2008,Beijing,0,1,0,2,27502008,0.0036361,0.0072722,0.0,12818.9,352545402259
Colombia,2008,Beijing,0,1,1,3,45005782,0.0044439,0.0066658,0.0,7168.15,322608015536
Mexico,2008,Beijing,2,0,1,7,110627158,0.0027118,0.0063276,0.0018079,12135.33,1342497124549
Iran,2008,Beijing,1,0,1,4,72289291,0.0027667,0.0055333,0.0013833,11725.87,847654821279
Sudan,2008,Beijing,0,1,0,2,41415151,0.0024146,0.0048292,0.0,2727.56,112962186373
South Africa,2008,Beijing,0,1,0,2,49319363,0.0020276,0.0040552,0.0,9428.79,465021831415
Venezuela,2008,Beijing,0,0,1,1,28057485,0.0035641,0.0035641,0.0,11586.51,325088408278
Indonesia,2008,Beijing,1,1,3,8,234951154,0.0021281,0.003405,0.0004256,3699.54,869210451859
Afghanistan,2008,Beijing,0,0,1,1,29839994,0.0033512,0.0033512,0.0,1019.36,30417625081
Nigeria,2008,Beijing,0,1,3,5,150665730,0.0026549,0.0033186,0.0,2100.11,316413966009
Vietnam,2008,Beijing,0,1,0,2,85951912,0.0011634,0.0023269,0.0,2574.44,221278090013
Egypt,2008,Beijing,0,0,1,1,78323298,0.0012768,0.0012768,0.0,5763.03,451379709337
India,2008,Beijing,1,0,2,5,1190863679,0.0002519,0.0004199,8.4e-05,2621.81,3122219554272
